municipio,ano,soy_area_ha,NDVI_mean,NDVI_max,EVI_mean,EVI_max,precip_total,temp_mean,temp_max,srad_mean,etp_total,cod_ibge7,rendimento_kg_ha
Conceicao Do Araguaia,2001,143.1948421569817,0.5408353846153846,0.8991133333333335,0.3814374358974359,0.8217800000000001,1534.010859281392,25.44324942361341,29.42888940396698,17.54355555467864,1212.088903860217,1502707,2611
Floresta Do Araguaia,2001,66.80595440063482,0.5060395604395606,0.7960000000000002,0.3116967032967033,0.5097857142857143,1541.362584912096,25.26258105222888,29.12440753581002,17.191481212108,1170.892931764794,1503044,840
Paragominas,2001,1858.251616619873,0.4470348480700793,0.8283391459074736,0.3304745414727625,0.6682188612099645,1911.42930629846,25.41718368820434,29.97796821198292,17.02494125724665,3069.766670655316,1505502,2692
Redencao,2001,185.1597838012698,0.5438057692307693,0.8433857142857143,0.3774332417582418,0.7533464285714286,1550.250578561208,24.80754048930658,28.81309856902523,17.05855037816159,1195.356805633579,1506138,3055
Santarem,2001,142.8043209838868,0.5063069597069597,0.8043476190476191,0.3592824175824176,0.6257333333333335,1708.730674709451,25.40961658076209,28.57112638278909,16.36001385599191,1765.181417853726,1506807,3000
Belterra,2002,270.0581127358104,0.4452692460317462,0.7917638888888888,0.3056730158730159,0.6222194444444445,1511.647983754252,26.24828042093313,29.00442274959354,16.89072665385075,1398.594570329197,1501451,3000
Conceicao Do Araguaia,2002,116.1110149108882,0.6302714285714285,0.8849076923076923,0.423067032967033,0.6938153846153846,1611.137860667004,25.87500201862112,29.88391363824642,17.73093338260309,1256.136753085863,1502707,2611
Dom Eliseu,2002,52.5125951538086,0.4567571428571429,0.8666,0.3274857142857143,0.69615,1449.685069082713,25.31766569647518,29.69927500951453,17.02024834940259,2550.902690074851,1502939,2400
Paragominas,2002,2515.913075853387,0.4383719069340363,0.8165816711590295,0.3177231346820295,0.6743212938005397,1810.7130069991,25.77639691199569,30.38317221078093,17.12558275834734,3019.150042856371,1505502,2969
Redencao,2002,141.3448252685546,0.5868917142857142,0.7795839999999998,0.3603962857142858,0.5419560000000001,1572.485048385385,25.31788066850716,29.3419967322928,17.49078798231382,1263.389530758598,1506138,3000
Santarem,2002,443.390279850739,0.4267193406593406,0.8295230769230768,0.3010065934065935,0.6754723076923078,1556.738085074297,26.10228111159444,29.32079707114314,16.87374738916381,1991.058007821737,1506807,3000
Ulianopolis,2002,261.3691267605172,0.4077396428571429,0.8143324999999999,0.2888648214285714,0.6512500000000002,1534.941685867166,25.64182640415039,30.01496859747422,17.03287256676637,2272.335592102525,1508126,2950
Belterra,2003,504.4265348304948,0.397586203522505,0.8011027397260275,0.2890568493150685,0.6694438356164385,1524.106269802242,26.24521876475649,29.01652984341277,17.10554808829626,1460.518472677622,1501451,2700
Conceicao Do Araguaia,2003,90.9741019104001,0.5786735714285715,0.86561,0.4013985714285714,0.6886699999999999,1437.957060353557,26.15117182827593,30.05820232909838,17.95270320791262,1312.133695941432,1502707,2611
Dom Eliseu,2003,97.8036444824217,0.447695918367347,0.8613571428571429,0.3277326530612245,0.6725714285714286,1717.118109495268,25.35294959325797,29.6436423682666,16.70160024305186,2622.291067634322,1502939,3300
Floresta Do Araguaia,2003,649.1889216369613,0.602356356487549,0.8716788990825685,0.3991600917431194,0.7169467889908256,1406.715680463115,25.98146282785963,29.80677176769108,17.64345491889947,1281.991487894545,1503044,2000
Paragominas,2003,3244.625352110718,0.4565014344262294,0.8465157786885243,0.3342465749414519,0.7030206967213108,1591.459613759753,25.78016950546941,30.32799309558515,16.7971531279304,3047.864393620901,1505502,2880
Redencao,2003,185.5109246582043,0.5600554112554114,0.8932303030303029,0.40127683982684,0.8059787878787877,1499.836854221788,25.54865021964173,29.50157981164551,17.43493914875505,1312.00843185641,1506138,3000
Santana Do Araguaia,2003,35.63319974365234,0.6884154761904763,0.8085666666666668,0.4801845238095239,0.6627166666666667,1625.920524076022,25.42337575740747,29.56088638747628,17.62089585507183,1982.979243893832,1506708,3000
Santarem,2003,852.3062208920247,0.3922785714285715,0.7801981981981985,0.2829479407979408,0.6271108108108109,1538.979002157103,26.10449628610787,29.31296487881398,17.04833939121217,2058.207714634417,1506807,2700
Ulianopolis,2003,492.4447224636432,0.4326348214285715,0.8573062499999999,0.3183248214285713,0.7284075000000001,1607.00582725025,25.6426541392868,29.94913193053734,16.81190442072819,2302.971775396098,1508126,3279
Monte Alegre,2004,11.34516916503906,0.4582357142857144,0.8236,0.3287214285714286,0.6819000000000001,1547.624536883957,25.24499760426711,29.31276965445573,16.47779581940298,2937.664558125682,1504802,2700
Belterra,2004,732.0367242762437,0.4307021995176085,0.7561584110421888,0.3075784147393501,0.6012864149858278,1833.969991153351,25.90823769547334,28.64803013604355,15.8466437338868,1218.55331805718,1501451,2700
Conceicao Do Araguaia,2004,69.82696307373045,0.514207142857143,0.8033444444444445,0.3310373015873017,0.5560111111111111,1736.632433889658,25.89935539065846,29.8862348986461,17.16594744359799,1231.601875851456,1502707,3000
Dom Eliseu,2004,469.2937990478522,0.4730979437229438,0.8562015151515158,0.3516720779220779,0.7614924242424247,1550.724664618824,25.28231969427112,29.61869888920463,16.81948864884832,2442.401585687865,1502939,3300
Floresta Do Araguaia,2004,653.5311172241194,0.5669721494102228,0.8375009174311931,0.3852458060288336,0.6700357798165141,1639.238689814476,25.73321218021128,29.58915245145897,16.81904223122198,1186.265924850136,1503044,2000
Paragominas,2004,3554.974684008792,0.4808448290126862,0.8586403474903478,0.3553514065085494,0.7485500000000014,1640.875799087996,25.721243899551,30.25216772239471,16.9319007545594,2840.232892369466,1505502,3000
Redencao,2004,185.9541061218271,0.5057459523809525,0.8237633333333334,0.339987142857143,0.6636966666666669,1817.120766950103,25.28452629768765,29.22267694532641,16.56539529004022,1207.116732128172,1506138,3000
Santana Do Araguaia,2004,338.8143245239229,0.5074725274725275,0.8693153846153846,0.3433626373626374,0.8065442307692307,1831.489038701403,25.22437877299017,29.30058844498571,16.6874124977718,1806.949024101111,1506708,3000
Santarem,2004,1782.010436174766,0.4044628893371088,0.797942085256584,0.2863537954307437,0.6388989139288621,1809.911505838454,25.78777282599942,28.9551758212931,15.81857210037314,1694.12770531615,1506807,2700
Ulianopolis,2004,1264.500191680916,0.4183242857142856,0.8867264999999999,0.3151558928571428,0.8151455000000005,1473.334800446851,25.56779211036035,29.85035805216945,16.82994153384127,2138.664012929228,1508126,3064
Monte Alegre,2005,28.58624512939457,0.4989830769230769,0.8317,0.3310246153846154,0.64772,1373.453260891837,25.74280074472648,30.05742542783938,17.20895028948871,3254.025202846506,1504802,2700
Belterra,2005,1369.02099056001,0.4310704798634225,0.8386734723204304,0.3063181898574043,0.687959512784836,1539.21561909511,26.46379328505348,29.27639119274073,16.42644348343016,1339.439644875901,1501451,2700
Conceicao Do Araguaia,2005,142.6838548217771,0.6115790209790211,0.8484454545454547,0.4087622377622378,0.7256909090909089,1605.854656241503,26.10297067869178,30.11678150031963,17.51158562106067,1274.222415008493,1502707,3000
Dom Eliseu,2005,1511.29466543579,0.4904955802968961,0.8805890350877186,0.3565634952766536,0.7817859649122809,1492.447692069018,25.85488722361067,30.26796597935866,17.48125402822615,2913.697634731269,1502939,3300
Floresta Do Araguaia,2005,461.7081277648926,0.5812461538461539,0.8225972972972972,0.3901438669438669,0.6396445945945949,1529.791632625324,26.00693196767855,29.91097288311042,17.33300093046627,1244.645718222203,1503044,3000
Novo Progresso,2005,53.05588149414071,0.5915115384615385,0.9026000000000001,0.4093769230769231,0.6381166666666668,1956.517884819993,24.58844402267612,28.85512293428974,16.80719449487408,2348.668951641635,1505031,2500
Paragominas,2005,6676.794998045044,0.4807790875116792,0.8726391700404859,0.3624780675801933,0.7572464574898777,1513.672705924016,26.39520054833966,31.10084181385315,17.6276016703678,3484.452621655575,1505502,3000
Redencao,2005,290.8334653076172,0.5689561374795417,0.8478234042553192,0.3936180032733224,0.6957531914893615,1503.603944885843,25.4351831523158,29.43898615167011,16.97316887814058,1247.73839952863,1506138,3000
Santa Maria Das Barreiras,2005,145.0279994079594,0.5121465034965035,0.7741136363636362,0.3289129370629369,0.5633181818181819,1633.685754747294,25.40129310788799,29.45889104944031,16.99762188285711,1611.009395422913,1506583,3000
Santana Do Araguaia,2005,1319.525415313674,0.5762050251256281,0.8619336683417087,0.4066127560881332,0.7489778894472362,1719.472011841051,25.3286731147754,29.4010143149904,17.01650784479313,1843.124551115778,1506708,3300
Santarem,2005,4471.27618802807,0.4224596727965172,0.8495677283013225,0.3012937928970845,0.684345319269635,1667.281924706572,26.29740610484785,29.57287198836312,16.46846462490419,1918.577837194508,1506807,3000
Ulianopolis,2005,2746.026598754851,0.4308709014966938,0.8692886877828043,0.3159736860424642,0.7382848416289597,1439.937089021357,26.22263428587926,30.63219953574269,17.56264741334026,2580.782927144241,1508126,3290
Belterra,2006,3269.430811661593,0.453278128558249,0.842149416204117,0.328057451121679,0.7015991492611804,2265.468236321994,25.58565325713349,28.25820506575545,14.72631649860985,1128.78766182444,1501451,2400
Conceicao Do Araguaia,2006,167.4688546081543,0.5805866071428571,0.8100187500000001,0.4016870535714286,0.7153687500000002,1691.970935812552,25.66073285561801,29.56829344032149,16.68100823621332,1171.598723264805,1502707,3000
Dom Eliseu,2006,3058.150304833996,0.4581720779220779,0.867116322314049,0.3401942296340025,0.7827491735537191,2077.520258472672,25.05329009005168,29.22300479294945,15.74942372828523,2312.082971427085,1502939,3300
Floresta Do Araguaia,2006,135.9138111572269,0.5914678571428573,0.87346875,0.4135160714285714,0.6998562500000001,1714.19328576306,25.55660834050554,29.35255110230559,16.52398709165139,1154.823263166566,1503044,3000
Novo Progresso,2006,79.79178285522475,0.5880375,0.850375,0.4589223214285715,0.8178625,2134.654602496388,23.9940609620658,28.07855057320987,15.60768350320389,2039.899920904644,1505031,2720
Paragominas,2006,10063.98559877731,0.4696296985334057,0.8583155893536131,0.347228530689842,0.7414082382762983,1935.490473022291,25.47459994809458,29.82771027945073,15.95587219146709,2673.624435440125,1505502,3000
Redencao,2006,662.5452630065887,0.4957498015873014,0.8184620370370369,0.3285378306878307,0.6007925925925927,1799.493877057351,25.06075421435851,28.94366932797471,16.38812790546036,1165.911770052466,1506138,2400
Santa Maria Das Barreiras,2006,378.9715061462405,0.5338416666666667,0.7633939393939396,0.3522280303030305,0.5885409090909088,1774.778433963013,25.0002589424046,28.93029398440036,16.41457783759039,1480.037626650543,1506583,3000
Santana Do Araguaia,2006,2166.358687425312,0.5756051116408598,0.8677255694185098,0.4121388005722645,0.731694968897558,1762.750278136178,24.96938045209469,28.94936949070129,16.46671281752062,1706.578732327177,1506708,3300
Santarem,2006,8979.44474037108,0.4373539512812281,0.8455267396875706,0.3242433197624462,0.7222233248864555,2239.19176004396,25.42683658313709,28.52887367325877,14.68082590214462,1564.777388829883,1506807,3000
Ulianopolis,2006,4257.245764532497,0.4302831639910591,0.871396586059744,0.3243281040438933,0.7859465149359884,1856.859917387804,25.36743146285905,29.51126962157599,15.89318272418066,2046.494400565099,1508126,2911
Uruara,2006,71.31100551757812,0.4413126984126984,0.7617555555555556,0.311797619047619,0.6271,2127.85995848679,24.42436473517302,28.34667741130598,14.1196194185845,1986.192622404727,1508159,2600
Belterra,2007,4260.877663328002,0.4040581106722764,0.805180180046974,0.2870585732633751,0.6437242409422043,1573.437033370449,26.07034077426054,28.771923417608,16.30166084328934,1287.232995679417,1501451,2700
Conceicao Do Araguaia,2007,145.1522945373534,0.5836241071428572,0.8007875,0.3947892857142857,0.63745625,1355.836290457596,26.16743501724231,30.24220068261165,18.37706457868433,1342.28546693538,1502707,3000
Dom Eliseu,2007,3755.963753222673,0.4710453206034889,0.881145709570956,0.3628829915134373,0.8043160066006597,1405.707812709318,25.54139831938261,29.83139701983993,16.90365931363259,2652.301460047027,1502939,3300
Floresta Do Araguaia,2007,27.02129510498044,0.5517809523809525,0.7147333333333332,0.3544190476190476,0.5131666666666667,1348.626269978403,25.96742964569169,29.8689141670251,18.01127257237861,1285.602161789653,1503044,3000
Novo Progresso,2007,38.70266647338867,0.6345464285714286,0.9231,0.4556821428571429,0.7686,1873.724339368036,24.46123200352611,28.73414268004918,16.87111538880798,2392.935527852118,1505031,3000
Paragominas,2007,9000.864811627147,0.4733889523135988,0.8514558698727033,0.3520697413618914,0.7215019801980196,1643.830560941992,26.04643351755715,30.57212377225002,16.99564269069348,3150.682580982886,1505502,3500
Redencao,2007,788.1775708679126,0.561751218161683,0.8371302325581393,0.3740792912513844,0.650228682170543,1348.397469586459,25.55029631121034,29.63124792615361,18.03889321115795,1336.480824220315,1506138,2400
Santa Maria Das Barreiras,2007,1290.301743988034,0.5398122677770657,0.8212632286995515,0.3669475016015375,0.6639313901345291,1325.784962486358,25.53781738654921,29.76624869286872,18.15537924674701,1772.117136001517,1506583,3000
Santana Do Araguaia,2007,3453.888222025838,0.6195970937328371,0.8917246895667928,0.441157664770013,0.7715632959684188,1283.097038949202,25.50597543390889,29.77568236773638,18.23043594578979,2067.165995700204,1506708,3300
Santarem,2007,11931.778057191,0.4236707223068846,0.833436491356371,0.3043978914724985,0.6864789625530782,1703.680075227422,25.95837493309662,29.10969907799895,16.31575364232587,1832.481380952618,1506807,2400
Ulianopolis,2007,4961.50909774774,0.4398310066883903,0.8677112845138062,0.3169421797290343,0.6945941176470589,1269.912599631507,25.91750104622457,30.26227381571092,17.03729211835793,2409.164775112481,1508126,2990
Uruara,2007,324.1490858530075,0.3771589285714286,0.7365340909090908,0.269761525974026,0.5740113636363638,1425.656478875009,24.89833316087421,28.85119871865425,15.37800043187217,2323.471992843341,1508159,2312
Agua Azul Do Norte,2008,13.58317855224609,0.6730071428571429,0.8704000000000001,0.4992214285714285,0.7947000000000001,1775.621745110697,24.25320857347904,28.07600151811441,16.46308318634226,1131.214950450705,1500347,3625
Belterra,2008,3645.497319495863,0.4348609576370981,0.8306341236490475,0.3216508863841087,0.7029697702522695,2059.798771680236,25.44766107500242,28.08978143832474,15.32342733463004,1167.961943112179,1501451,2700
Conceicao Do Araguaia,2008,127.1843214904784,0.6403769841269841,0.9005777777777779,0.4514936507936508,0.8117666666666667,1734.758259862517,25.62936844236062,29.60982804873515,17.51843956793683,1242.708536370863,1502707,3000
Dom Eliseu,2008,4372.666146899389,0.4770830767651892,0.883980747126436,0.3613061986863713,0.8203856321839086,2052.811908695458,25.05489656827055,29.39336902396722,16.44763042842784,2563.857481729462,1502939,2880
Paragominas,2008,10912.29403197629,0.4624288487005465,0.8660479721900344,0.3429749462009599,0.7745578215527238,2009.327797242312,25.44872472793209,29.95193885273273,16.58003738983411,2943.906500181242,1505502,3000
Redencao,2008,804.0397021953947,0.5717537244897956,0.851382142857143,0.3952434183673471,0.7089292857142859,1727.025207087813,25.00629974838813,28.98698108793754,16.98582716164043,1228.480030911973,1506138,2400
Rondon Do Para,2008,22.82430561523437,0.4131071428571428,0.6686500000000001,0.2692839285714286,0.4813499999999999,2168.408268309948,24.95895554181252,29.10109217259026,16.2632316874044,2091.07249786689,1506187,3000
Santa Maria Das Barreiras,2008,1600.645385004587,0.6013169876939538,0.8688726591760295,0.421665864098448,0.7371078651685394,1638.516815267706,25.00926120251292,29.0848397696391,17.14911715644529,1597.630107721403,1506583,3000
Santana Do Araguaia,2008,4114.075707633166,0.6433697472692226,0.8906001499250379,0.4519914114371383,0.7647569715142429,1562.377847239761,24.99534152408891,29.12173739696519,17.29337082279025,1865.907245334917,1506708,3300
Santarem,2008,9896.367320931862,0.4335649929499374,0.8306160418340257,0.3257803474120166,0.7089377808421042,2177.261526490368,25.32536909918735,28.45905989898349,15.34381292660318,1636.49002446761,1506807,2700
Ulianopolis,2008,5596.964152069026,0.455644790930881,0.8819860906217062,0.3359008580460631,0.7971759747102201,1964.709907098328,25.33800591120923,29.63391934792443,16.53896867252188,2241.702881681904,1508126,2900
Uruara,2008,404.2514047115314,0.4071086651053864,0.811550819672131,0.2949667447306792,0.6612836065573774,1949.740163384102,24.33092020909853,28.3869624155575,14.70097270300302,2144.545650665784,1508159,2400
Belterra,2009,4103.941584971422,0.4511583125305839,0.8076015225636884,0.3342393471773276,0.6742416677119736,2184.908027433728,25.70077943541217,28.31327428380867,15.30205848278325,1137.813768216703,1501451,2700
Dom Eliseu,2009,5539.645671719784,0.4536051851558933,0.8415723716123581,0.3437195405002748,0.7657128848992941,2358.546824884674,25.15008874923754,29.37279646951664,15.99631766154508,2451.640848016344,1502939,3000
Paragominas,2009,12591.87197902227,0.4698327708199333,0.8548287260206584,0.3503593287676409,0.743935612395476,2447.136628160476,25.54069119117149,29.86476578355638,15.93254624851904,2800.98311108877,1505502,3000
Redencao,2009,778.8012000427213,0.6370821832579184,0.8691919117647058,0.4516056561085973,0.7236816176470591,1944.946192717524,24.99283988655897,28.87977622668169,16.41274014988165,1152.214045947747,1506138,2400
Rondon Do Para,2009,40.55578551252775,0.4806378359835338,0.7551183630640085,0.3168244612155945,0.5272852570828961,2414.057361817527,25.01059352941059,29.15426535643608,15.95867932626134,1949.635456444377,1506187,3000
Santa Maria Das Barreiras,2009,1571.458572534164,0.5901190162996857,0.8648513011152416,0.409921160995139,0.710194423791821,1834.538023610907,24.94328605981344,28.88439595527859,16.43857087473107,1454.104624901967,1506583,3000
Santana Do Araguaia,2009,3885.981204202985,0.6370027446153844,0.86824304,0.4648796923076924,0.7545878400000003,1720.550490497998,24.8434374132941,28.74952017147326,16.19675950868742,1609.841206437174,1506708,3300
Santarem,2009,8977.159545681507,0.4689935011149906,0.8417081600085868,0.3521774316014331,0.7429596394355686,2191.218048006827,25.53642339186854,28.61350353113155,15.2554604731553,1561.252820668069,1506807,2700
Ulianopolis,2009,5992.807077447384,0.4361727804803892,0.845167687747034,0.3374896093037401,0.7860055335968369,2390.434344915218,25.47049926271526,29.63473174719674,16.01859175464032,2184.031447746659,1508126,3000
Uruara,2009,508.0062896278563,0.4013322051282052,0.7885573333333333,0.2888631794871795,0.6556453333333332,2148.219718896778,24.55521967369322,28.55471496334107,14.65667518174824,2063.106454637593,1508159,2701
Belterra,2010,5228.466956890972,0.4602892253777839,0.8412089245854042,0.3446310713835509,0.743233497665119,1295.200458402982,27.00206402402145,29.81872117167075,17.43468860790577,1562.170129244495,1501451,2700
Conceicao Do Araguaia,2010,44.17376119384765,0.7156785714285715,0.8626,0.5104857142857143,0.7155,1353.57339884406,26.67185498688439,30.77466776270823,18.17821612660504,1349.537687345045,1502707,3000
Dom Eliseu,2010,6335.755062254707,0.4461783535111827,0.8713763609908443,0.3391046095569329,0.7845405186078986,1278.090348153095,26.38323989496214,30.79880832709022,18.00733421153225,3166.452834435549,1502939,2950
Floresta Do Araguaia,2010,40.75773079833992,0.6380607142857144,0.8218000000000001,0.4725857142857143,0.73315,1408.672611601732,26.48201376468129,30.40020337156142,18.02270010927074,1310.388734620254,1503044,3000
Paragominas,2010,14041.04259026517,0.4683009887640448,0.8538537977528102,0.3499471781701444,0.7442428764044928,1346.204194453813,26.80493012130296,31.40818751874597,17.8417427022393,3639.177958848844,1505502,2700
Redencao,2010,592.1643276693613,0.6302261654135338,0.8299242105263156,0.4370900000000001,0.7134915789473687,1438.148916320808,26.015262372416,30.10585731059569,17.77981352635765,1342.918267386745,1506138,2500
Rondon Do Para,2010,39.12604667224358,0.4739309248988158,0.7397157397691501,0.3096855943636637,0.5575649527806925,1469.719247088541,26.25793232443131,30.59112566597492,17.95217179841061,2554.593116370717,1506187,2750
Santa Maria Das Barreiras,2010,2041.875971400572,0.5999531009409753,0.8693044910179651,0.4282500641573995,0.7800787425149701,1390.680482868181,26.04436335929862,30.28420510208655,17.99509630388411,1814.300284256477,1506583,3000
Santana Do Araguaia,2010,4153.002613140627,0.6309692963752668,0.8859059701492535,0.4496348507462689,0.8029797014925376,1460.625055574597,26.01314604449231,30.31074949609367,18.05921303946522,2144.006384834462,1506708,3354
Santarem,2010,10422.34226455597,0.4403980923477567,0.8384357584394205,0.329769949425499,0.730155624897745,1294.449115079163,26.91232276686971,30.19309735406982,17.50134867328313,2333.91698704939,1506807,2700
Ulianopolis,2010,6342.737391070477,0.4380969186358755,0.8655240601503772,0.3296086331901182,0.7626531954887215,1199.680168387388,26.63361788504282,31.03305855880151,17.87447202861124,2703.459087409731,1508126,3296
Uruara,2010,679.3143756521465,0.4187199862637362,0.8235874999999999,0.3248535714285715,0.7244692307692303,1460.681273758403,25.74723110562709,29.90140462192272,16.44218174367449,2849.701899805866,1508159,2400
Altamira,2011,23.64250039062504,0.6989357142857143,0.8812000000000001,0.4795190476190476,0.7467,1920.980220604815,24.38674231757897,28.38166209504231,15.53621089376822,2170.928906775596,1500602,2700
Belterra,2011,4264.26502143449,0.4962081831445944,0.8613201187575438,0.3702975991083018,0.7599663414023182,2063.424467751947,25.53654804244767,28.18014800162156,14.89378681889717,1099.951452364818,1501451,2700
Dom Eliseu,2011,9327.196082708153,0.464632864655085,0.8700904902444758,0.3613730982506542,0.8058606357787913,2191.420658158464,25.05742714634805,29.31310913073136,16.3679308320087,2341.36910450725,1502939,3000
Floresta Do Araguaia,2011,98.52539904174826,0.6273442857142856,0.7963466666666668,0.4521247619047619,0.7147266666666667,1738.378813802394,25.53699257048529,29.3787784615118,16.87770437786991,1180.548190237106,1503044,3000
Paragominas,2011,21855.98675439032,0.4662732462524593,0.8576766646130204,0.3553866647524291,0.7744878540056025,2122.1791765103,25.42013880858152,29.80436606839125,16.22853737980293,2628.882875015556,1505502,3200
Redencao,2011,377.6040405416818,0.5890802107728338,0.8597950819672131,0.4175055035128806,0.7935393442622951,1869.098611453279,25.06336068787458,29.00160939968161,16.73293097193469,1193.345321748089,1506138,2500
Rondon Do Para,2011,555.9306634207237,0.4649744588236079,0.8769903678992625,0.3674517049153916,0.8309014330686456,2163.276459001381,24.98082175827789,29.08460697089922,16.37445893148905,1935.046867977224,1506187,3000
Santa Maria Das Barreiras,2011,1903.16464867717,0.6093387133699635,0.8927900641025638,0.4379633699633699,0.8140955128205126,1791.454112017382,25.03871788585514,29.04792607890761,16.78000051991407,1525.702780213336,1506583,2749
Santana Do Araguaia,2011,4726.472241851783,0.6197297925082632,0.8830473007712091,0.4533601817847961,0.8162470437018,1780.122647895375,24.98267556540023,29.04703232458877,16.75296551165061,1762.560238667695,1506708,3300
Santarem,2011,8088.427693558818,0.502478518287026,0.8556531702202026,0.3768143131999074,0.764664334148899,2092.079280372754,25.43557215301523,28.52359291011494,15.00852072519931,1551.544454207428,1506807,2700
Ulianopolis,2011,7806.44765898213,0.4450438814636284,0.871326610429446,0.3392203439964944,0.7948165644171771,2018.913480550801,25.30587932029621,29.52270433497495,16.36022470169627,2032.819122704057,1508126,3000
Uruara,2011,489.8472906799332,0.5254425087108014,0.8956780487804882,0.3959132404181185,0.7975804878048779,2068.175588746768,24.51152813238532,28.48563253207234,14.68271595402518,2106.193290570448,1508159,2785
Altamira,2012,23.64250039062504,0.7143619047619048,0.8919333333333334,0.5239738095238096,0.7565,1698.002968476294,24.47279707042186,28.57352221747145,16.10319872968332,2271.784077997551,1500602,2700
Belterra,2012,3067.774597904751,0.4399165187438979,0.8260107496979969,0.3319121092053403,0.7468416375473279,1586.880231841062,25.92082109726184,28.6644497972304,16.62120922478778,1304.265995696094,1501451,2700
Conceicao Do Araguaia,2012,15.75271395874023,0.5505357142857144,0.6734,0.3639071428571429,0.5026,1517.40472835639,25.70882420675062,29.81487698752077,17.84788603639814,1254.402691385173,1502707,3300
Cumaru Do Norte,2012,68.83705227050783,0.6533969387755103,0.8552857142857143,0.500841836734694,0.7473285714285716,1745.691533814221,24.13653967038911,28.38611674943907,17.18045555899274,1791.645725878725,1502764,2250
Dom Eliseu,2012,11751.1226473062,0.4210006088627963,0.8610708245221275,0.3126392629683079,0.7716340053621759,1327.692395423115,25.32547593286089,29.71585507957108,17.516987334493,2721.325387435829,1502939,3300
Floresta Do Araguaia,2012,154.4338082214358,0.6536445054945056,0.8714461538461538,0.4764964285714285,0.7880346153846153,1450.960004895565,25.57809353679694,29.54321999178996,17.66649239882037,1224.030839032961,1503044,3000
Paragominas,2012,26325.1865279406,0.4693469511931832,0.8714076068849115,0.3544794254591621,0.7898324087875245,1343.493667395938,25.84703960021004,30.50038698057367,17.87865674551576,3252.753823921606,1505502,3500
Redencao,2012,387.2285257767997,0.6474011709601875,0.889122950819672,0.4730218969555038,0.7781180327868852,1718.016149549406,25.11078014517187,29.19079052386788,17.33043744981867,1238.30734721142,1506138,2500
Rondon Do Para,2012,865.0592914487291,0.4151564696310536,0.8687269977573178,0.3115126435400645,0.7874337228517473,1652.18596981523,25.26906230518064,29.5352213002691,17.48735571832841,2237.277288845102,1506187,3000
Santa Maria Das Barreiras,2012,1746.022023103686,0.6148343253968254,0.8606548611111102,0.4433370535714286,0.7677180555555558,1667.155390572261,25.04430000332138,29.22669081947464,17.41762297974991,1582.703322917837,1506583,2740
Santana Do Araguaia,2012,5624.357580859757,0.6492362126245845,0.8863820295983084,0.4701682271217156,0.7933915433403804,1643.31070638756,24.98939715177236,29.22577462252932,17.43004834965627,1818.726333538961,1506708,3300
Santarem,2012,6019.900187848962,0.4379888308869135,0.8532085030867029,0.3348148129986941,0.7610976345967138,1565.239292245035,25.78180074545844,28.97898038764351,16.50723305298301,1844.697426841433,1506807,2700
Ulianopolis,2012,6536.658638279094,0.4489310420979991,0.8898332367149766,0.3444318633540374,0.8315047342995158,1165.498804695587,25.6210550695542,29.98319635416744,17.67739478365046,2378.156699250329,1508126,2943
Uruara,2012,152.7420316345208,0.4173790816326531,0.8454928571428573,0.310951530612245,0.6679071428571427,1357.601520631534,24.82478540080436,28.87452498340474,15.77335313509767,2436.031996151895,1508159,3120
Belterra,2013,4469.236240588384,0.4322838625287044,0.8398493551372707,0.3272189048097091,0.739047202856564,2074.702461449155,26.34374356640132,29.03792010115049,16.05304648426284,1353.424833790955,1501451,2700
Conceicao Do Araguaia,2013,52.03438441772458,0.555374358974359,0.7214,0.3913871794871795,0.5909666666666668,1488.048114599684,26.08742725381185,30.09704801410914,17.63412271616449,1246.209761049862,1502707,3300
Cumaru Do Norte,2013,465.3715455017094,0.6998146957520092,0.8770179104477615,0.5307259471871414,0.7966373134328358,1760.4516296468,24.57105906337592,28.75459255398397,17.13259774256605,1825.673988583428,1502764,3000
Dom Eliseu,2013,13275.72307375331,0.4861364155347692,0.9019669385933854,0.3644924053182916,0.7980633667075845,1766.391933471675,25.57964871878904,29.81709782699992,16.75728180814841,2585.034749437756,1502939,750
Floresta Do Araguaia,2013,466.6803807800302,0.6611773445732348,0.8124219178082193,0.4590517386722865,0.6501054794520547,1471.360040665231,25.91725918773432,29.77540023217579,17.28611264311593,1206.856416112359,1503044,3000
Novo Progresso,2013,13.58331281738283,0.5870461538461538,0.8673500000000001,0.4599230769230769,0.9337000000000001,2215.735071739447,24.4905603471754,28.65765067303949,16.26337349144562,2243.626292215477,1505031,3000
Paragominas,2013,32058.01826836628,0.4858357058788783,0.8657910258298248,0.3735937158216351,0.7820140821313022,1784.815328339343,26.06220451068317,30.54298693446109,16.84918968794286,3017.207842949093,1505502,2900
Placas,2013,9.901265399169924,0.4636923076923077,0.8145,0.3654923076923077,0.6144000000000001,2084.810375085373,25.12653033251279,29.11132078012605,15.6319018475217,2128.428445961388,1505650,2700
Redencao,2013,307.3947068742103,0.6224892307692308,0.8619155555555552,0.4566605128205131,0.8149933333333333,1579.073224045,25.52548514842535,29.50442216758088,17.36463272006237,1247.615710307324,1506138,2500
Rondon Do Para,2013,3748.421656560664,0.4741426276327352,0.9019711651630671,0.3474305075604078,0.8027252334477774,1978.21580416565,25.48196134591031,29.59229022872424,16.56694379677142,2102.546213840574,1506187,3000
Santa Maria Das Barreiras,2013,1488.303189155939,0.65550427705075,0.874351452282158,0.4828275454835618,0.799921991701245,1596.701968649049,25.52407068487447,29.61104037585855,17.506770964821,1628.013483111398,1506583,3109
Santana Do Araguaia,2013,7748.334522144098,0.7009468654152866,0.9082196172248806,0.5439971843945526,0.8524083732057427,1645.139690275384,25.48627428023226,29.62498841100436,17.47000182686766,1864.732564914025,1506708,3300
Santarem,2013,8258.49601520687,0.4413857262028064,0.8521671135325836,0.3367661443675595,0.7546120155833508,2087.172758394673,26.21047090104643,29.36035247428882,16.03659462985361,1953.311277985538,1506807,3000
Ulianopolis,2013,6297.887541273136,0.4786962195593356,0.8729057286432181,0.3668459451101657,0.8033912562814077,1584.698206754694,25.85748449828784,30.08855591867134,16.92273535014926,2229.640135430476,1508126,3300
Uruara,2013,38.57015259399419,0.4365846153846154,0.7330000000000001,0.32185,0.5243,2185.151346588286,25.07708716610626,29.01571918317316,15.01360577329956,2421.939131580623,1508159,2887
Altamira,2014,45.17386942138674,0.5681849206349205,0.8212444444444444,0.4064634920634921,0.7402444444444445,2042.296187704236,24.5386997153866,28.62291347709252,15.97071115310761,2256.079061626502,1500602,3600
Belterra,2014,6052.881165041365,0.455792711492309,0.8234471080038495,0.3386226457260006,0.7458232846378353,1869.538304365181,25.96136670415735,28.68675099130479,16.20709792107801,1308.807083795965,1501451,3000
Conceicao Do Araguaia,2014,238.56304196167,0.6232088571428571,0.8555720000000001,0.4448848571428571,0.7176520000000001,1727.153606120925,25.72176337127011,29.6947568069082,17.28793278736037,1213.718489831027,1502707,3300
Cumaru Do Norte,2014,2994.917586493003,0.6866902180783817,0.9065823008849557,0.5221107300884952,0.7912637168141589,1991.71104386606,24.12064001529852,28.23012235031488,16.55064366520771,1701.825274692904,1502764,3000
Dom Eliseu,2014,22389.00595451414,0.4727817917173027,0.855279503634155,0.3597939583588522,0.7821646114784235,2125.48497194944,25.23025736599856,29.56410521010764,16.76773166591713,2583.33489073311,1502939,3000
Floresta Do Araguaia,2014,1214.284553991695,0.5751666421207661,0.7937546391752578,0.3860216494845363,0.5957773195876289,1737.155487824698,25.55362999785028,29.41070393663686,17.08938812371357,1182.557361605509,1503044,3000
Novo Progresso,2014,136.8233493591313,0.504473949579832,0.8956999999999998,0.3785357142857143,0.865064705882353,2232.497439535645,24.19188213644105,28.37538257863797,16.26098675962417,2172.084422707981,1505031,3000
Paragominas,2014,45400.29496063229,0.4710027753696036,0.8733045161483567,0.3592119225221738,0.7974726603813335,2203.515645280621,25.60487145391548,30.0561691052551,16.66522915323588,2899.89255899843,1505502,2914
Placas,2014,10.25822951049805,0.50865,0.778,0.33085,0.6008,1791.681557687891,24.87355493959163,29.00987707387833,15.70534632955988,2076.492386501248,1505650,2700
Redencao,2014,407.4731592810558,0.5941565759637186,0.8503238095238096,0.4246571428571428,0.7488968253968256,1926.459335153845,25.09517391480251,29.03158222970784,16.78201917566508,1191.487454892127,1506138,3000
Rondon Do Para,2014,8160.206448973682,0.4568840150253004,0.842641418827763,0.3450369388881165,0.7859766653474264,2263.944596629558,25.1946666291022,29.37245323576693,16.7775018637648,2136.852061024812,1506187,3000
Santa Maria Das Barreiras,2014,3724.244876979947,0.6111567619047615,0.8736961666666654,0.4351369404761903,0.7590768333333329,2019.074276852748,25.04507774983085,29.05473851978812,16.79629185031935,1505.915404535946,1506583,3100
Santana Do Araguaia,2014,20840.84257739299,0.6587138298750049,0.8961781114640474,0.4845299224454432,0.7932033208200973,2048.426453077783,24.95914884780041,29.04411285438768,16.82412052337866,1714.785065475334,1506708,3100
Santarem,2014,11223.4151675368,0.4646002332145722,0.8259090169121348,0.3440483224770742,0.7346602495128307,1867.516172209104,25.82802537542558,28.98889983196228,16.1748144710818,1839.540886006049,1506807,3000
Ulianopolis,2014,11081.95628714362,0.4622058382031293,0.858140154596368,0.348107976223432,0.7861656661910954,1990.203846628527,25.47985596477191,29.7807884207452,16.70530838226895,2224.612577051109,1508126,3300
Uruara,2014,31.04860805664065,0.4530392857142857,0.8401500000000001,0.3179321428571429,0.61795,1801.963860233212,24.85397709741306,28.94432154949093,15.50776484008544,2398.76919487364,1508159,2976
Altamira,2015,155.4197067331835,0.6827422857142857,0.9088080000000001,0.5226922857142857,0.8286680000000001,1826.657351161186,24.81864027442262,28.99988911110063,16.6685518586838,2468.818861013186,1500602,3600
Belterra,2015,10327.1059540494,0.4326763173923491,0.8254019276853365,0.3195012992544566,0.7337411557103081,1480.665355038124,26.46430435847776,29.29810924836622,17.41293996040286,1516.221441718096,1501451,3000
Conceicao Do Araguaia,2015,408.388966375733,0.6161623100303953,0.8383489361702129,0.4247825227963526,0.6724425531914895,1754.192788853776,25.99458165453794,30.06843541103689,18.16432672683127,1286.754889059572,1502707,3000
Cumaru Do Norte,2015,6846.559493408045,0.6841731240330085,0.8972213898916972,0.5256300541516251,0.8146255415162459,1863.703964430038,24.37870227327034,28.58345760867261,17.45825533343382,1834.830288231679,1502764,3000
Dom Eliseu,2015,26429.59802966425,0.4502849082059956,0.8801309123612491,0.3430660116802875,0.8311657468946161,1752.738691894067,25.51601951258825,29.93058199187579,17.2318702289479,2843.453044077936,1502939,3300
Floresta Do Araguaia,2015,1092.625832934576,0.5642393048128342,0.829455614973262,0.3922291825821236,0.6659310160427807,1679.064422834892,25.81765834428245,29.75342690388228,17.93458718434472,1253.028408780197,1503044,3000
Novo Progresso,2015,344.0484578234884,0.5991627142857143,0.8889199999999999,0.4364774285714285,0.8046120000000003,1960.298391667011,24.42510138598506,28.65726957783133,16.8175788700419,2332.047373853005,1505031,3000
Paragominas,2015,58277.88940849239,0.4377438324309817,0.8823308226585385,0.3311090441271815,0.7979999111233023,1890.29997545558,25.96384688254573,30.57566236123819,17.3159277674471,3294.28490279937,1505502,2900
Redencao,2015,1711.230162269718,0.5916503316326531,0.8552550000000002,0.4244924489795915,0.7102457142857149,1829.156217634179,25.39118285777499,29.44589138437721,17.81313593626026,1286.509121306366,1506138,3000
Rio Maria,2015,75.2209409118653,0.6688686813186814,0.9011846153846156,0.5204983516483518,0.8238307692307694,1601.447522311109,25.40715721619808,29.28208974288246,17.86335042402655,1203.466630378848,1506161,3779
Rondon Do Para,2015,10211.96957501021,0.4682268025094469,0.8838752574535138,0.3514637104949825,0.8378311954476739,1948.183440798108,25.43553538690461,29.70642025791797,17.38732141141569,2316.752135173013,1506187,3300
Ruropolis,2015,8.203417932128904,0.4692,0.5843,0.3414428571428572,0.432,1688.412337733044,25.15785787157483,29.35545822274364,16.48878283489416,2185.455260538346,1506195,2700
Santa Maria Das Barreiras,2015,7208.31643534738,0.6135296973668519,0.8649105921601333,0.4434291016323129,0.7494333611342792,1760.250496679874,25.33142786424342,29.47427238337039,17.7699244960629,1633.90319263932,1506583,3100
Santana Do Araguaia,2015,30755.35319229218,0.6340633131408565,0.8944640731375209,0.4602524175396671,0.7762669325034037,1734.457004737569,25.24224506436784,29.41842906758351,17.71378734339084,1866.354959174149,1506708,2700
Santarem,2015,24444.80581503741,0.4422545893977882,0.8444076151149326,0.3240838120651729,0.7292028686976256,1553.03827483537,26.35867820804414,29.65494697679852,17.35698328929577,2218.086472312757,1506807,3000
Tailandia,2015,35.44419670410156,0.6465785714285714,0.9619000000000001,0.4803285714285714,0.8824000000000001,2330.941937772411,26.24362895910412,30.96160246384219,17.51560983848165,3611.828868055456,1507953,2700
Ulianopolis,2015,13628.25457121841,0.4125623277146112,0.8870299196629057,0.3149736029394502,0.8203940447176736,1570.33435350848,25.82540111016253,30.23954146236539,17.22360385188479,2493.716922031091,1508126,3300
Uruara,2015,177.4088970703124,0.4571635714285714,0.82774,0.3364832142857143,0.7399250000000002,1495.895352692907,25.18365389011163,29.31706288142717,16.38750065515709,2745.423352591322,1508159,3000
Abel Figueiredo,2016,67.44719118379466,0.4953702949438203,0.8341935393258431,0.3382054741840557,0.6840687734082398,1256.68357802387,26.78449959741369,30.86962968233235,18.66616438112292,1882.301226061926,1500131,2900
Altamira,2016,1151.341193098903,0.6495555522801548,0.9081131087887464,0.4928219637825175,0.8167514300295099,1461.90493801433,26.04547652536192,30.41728506824566,17.79386042663119,3244.73085442796,1500602,3000
Belterra,2016,12015.89980146508,0.3959897191786524,0.8299912852699401,0.2821254969980986,0.680484264033279,1428.837446763246,27.53152747028445,30.3692333311335,17.52796069708575,1784.549413501652,1501451,3000
Conceicao Do Araguaia,2016,965.7162259765614,0.5785449308755761,0.7616016129032258,0.3768312788018433,0.552166935483871,1287.491378837013,27.09434738634826,31.14934926487894,18.8571851731102,1455.696974225935,1502707,3000
Cumaru Do Norte,2016,9656.070986595481,0.6915476974577024,0.9083819506016432,0.5254900750927344,0.8205754274857507,1625.085162995086,25.60109954042277,29.9411832624428,18.64336953373298,2347.301572712117,1502764,3000
Dom Eliseu,2016,39045.25647713798,0.4087847806594596,0.8613647892059116,0.307258671513006,0.7591426489960169,1436.547782360282,26.63816225682747,31.14447548074095,18.29063017885002,3477.801897900241,1502939,3300
Floresta Do Araguaia,2016,1686.8174236145,0.5608424271380797,0.7838260869565224,0.3574765647396084,0.5622147157190641,1302.834568379035,26.90778987390605,30.83490851090284,18.60211605492765,1414.527802825534,1503044,3000
Ipixuna Do Para,2016,4449.778415970282,0.4183279624264525,0.876697370069561,0.307843257982356,0.7462903382195128,1880.808641551508,27.13412003760068,31.86899479595289,18.02625313162461,3833.226624020373,1503457,3300
Novo Progresso,2016,936.294226980313,0.6390295626530613,0.8946983542857146,0.4842809342857144,0.8385625457142863,1638.572790635466,25.72216231998573,30.17624316342898,18.12775240436014,3073.937665229889,1505031,3000
Paragominas,2016,84802.26640860608,0.4116179539796155,0.876465743724605,0.3091367656685538,0.7720450105215185,1600.496989898265,26.91147609176668,31.60593728373157,18.05634381208474,3827.757125536009,1505502,3300
Redencao,2016,4240.882458265735,0.6017763196480941,0.8495681818181819,0.4202895266024296,0.6845521994134898,1492.631828139528,26.49969329834049,30.62232035130293,18.70330218019887,1482.504479308192,1506138,3330
Rio Maria,2016,231.8693202453621,0.6243735714285714,0.8862924999999999,0.4662228571428572,0.8454599999999999,1335.064593013983,26.4699165223302,30.34977872027898,18.53180427724277,1353.89752116641,1506161,3000
Rondon Do Para,2016,16427.37051355526,0.437044197792048,0.868130704781741,0.3306998590458278,0.8065629455269447,1410.49178932834,26.56564566884294,30.98558640988551,18.33166394857222,2835.059577839932,1506187,3000
Ruropolis,2016,14.80218212890625,0.45275,0.8923000000000001,0.3047785714285715,0.5168,1334.218647977133,26.28363682097406,30.58877958591503,17.18918058208947,2797.100901406234,1506195,1350
Santa Maria Das Barreiras,2016,13260.88341302921,0.5753020054694613,0.8218671376481327,0.3923479749967439,0.6578191431175948,1542.798942503545,26.53997549486564,30.78261973108412,18.83842269300305,2002.298393885665,1506583,2400
Santana Do Araguaia,2016,39959.35651335913,0.6148162302656921,0.8815946990116814,0.4386526451461092,0.7392446690625953,1421.133722455293,26.63017530076125,31.01797835695731,18.91139819697539,2464.455249739523,1506708,2400
Santarem,2016,31519.04044496108,0.4114351870748644,0.8526280117771786,0.300343103586161,0.7276306822804846,1429.412393193705,27.47685705120423,30.80076927602818,17.59885989471281,2767.81612194537,1506807,2700
Tailandia,2016,253.337638985738,0.403468168537598,0.8279838074734737,0.2943965631247117,0.6875282638782101,1905.11611016616,27.14315901476394,31.9310625724296,18.09319605492821,4103.81109412561,1507953,1500
Ulianopolis,2016,17978.64123709204,0.4163506701667436,0.8964110610131563,0.3108911834445329,0.7769314879481372,1390.449777334777,26.91839196871919,31.44824728285389,18.23339872232281,2992.174392033899,1508126,3300
Uruara,2016,288.2893400268562,0.3866388030888031,0.7808567567567568,0.2865828185328185,0.6369702702702701,1277.585217892109,26.27792840672481,30.51876640082648,16.86722416530049,3491.633412565493,1508159,3000
Abel Figueiredo,2017,148.5577885855162,0.5176033360819885,0.9050322205206743,0.3735402697608671,0.7585891730474733,2128.432101781151,25.84256401909821,29.78302172603971,17.26805963714961,1511.109049220994,1500131,3600
Agua Azul Do Norte,2017,19.80045328979492,0.7236307692307693,0.899,0.5821461538461539,0.9285,1684.145298148593,25.03899602972686,28.93521738464493,17.37847384000294,1217.720140498984,1500347,3500
Altamira,2017,2063.025540784782,0.6609414135205978,0.8948460241608689,0.4878698269490535,0.7768032571297496,2069.369145067081,25.0446435913549,29.22356791592022,16.52629739433413,2419.191821200886,1500602,3000
Belterra,2017,13477.02423187147,0.4609012611529968,0.8487570477292768,0.3402580641428964,0.7638717421194766,1974.14906990728,26.15302864482901,28.9040231448402,16.15603575125266,1257.399173913952,1501451,3000
Conceicao Do Araguaia,2017,1462.147880078121,0.6104907547851207,0.8208967136150234,0.4116176598049838,0.659739436619718,1496.213490964946,26.28641280225575,30.34380311547964,18.10609378738667,1290.408111296121,1502707,3000
Cumaru Do Norte,2017,9693.653597634933,0.686408173971099,0.8934264104153771,0.524620873670657,0.8251022318660888,1825.973687289762,24.77445789941892,29.02916375435867,17.45861824027652,1917.16973049618,1502764,2700
Dom Eliseu,2017,47390.36472718397,0.4695939318944991,0.8854555511651528,0.3570966090403412,0.7925008771226009,2376.374843781728,25.70137044380304,30.10624926376646,16.94242191336876,2662.222210744756,1502939,3300
Floresta Do Araguaia,2017,2177.140674121108,0.586075663977966,0.8272386189258316,0.3975952980523312,0.6825639386189254,1551.4736702869,26.10876306609435,30.00135828776757,17.67237310266488,1244.346192464844,1503044,2000
Goianesia Do Para,2017,219.0233032226561,0.483279487179487,0.8440820512820512,0.3545455621301776,0.7220692307692307,2778.970224038273,26.16831377254169,30.18981669182426,16.49278332556105,2260.792556967324,1503093,1500
Ipixuna Do Para,2017,4769.276267080169,0.473487495381603,0.8424381114816286,0.3499031383134363,0.7186694159757704,2634.196929353531,26.23336600754273,30.84040871346191,16.69835864012099,2957.72614065177,1503457,3600
Novo Progresso,2017,2231.333688938247,0.6463168405817663,0.8934948781190566,0.487193237192416,0.8315354463205209,2057.500384176991,24.79727400813371,29.1940338949686,17.2755221956499,2438.971414038262,1505031,3300
Paragominas,2017,93378.68224569378,0.4687668901816575,0.8726029195179081,0.3551817723562571,0.7770214978135719,2383.282201449166,26.06569882743739,30.63780448689052,16.78861482886307,3014.979343401972,1505502,3600
Pau D'arco,2017,38.18136974487305,0.7177923076923077,0.8615,0.5212538461538462,0.6633,1690.167267175384,25.68929533528098,29.66155595462313,17.59429481391046,1197.740234687206,1505551,3000
Placas,2017,55.22516069335938,0.4416692307692308,0.7262,0.3345115384615385,0.68525,1956.596616842462,25.04959951965873,29.1553950626296,15.8963931296053,2003.903023064952,1505650,2700
Redencao,2017,4771.972661506674,0.6367104681849279,0.8758299872935191,0.4512432509041152,0.7554298602287167,1721.222365617931,25.69672916572237,29.78798515278698,17.68896265158217,1287.017939945132,1506138,3000
Rio Maria,2017,318.7981763427708,0.7425491758241758,0.8976999999999998,0.5740656593406592,0.8678071428571424,1618.663910688839,25.71533513988987,29.57450815855342,17.54844811580728,1192.434247676993,1506161,3600
Rondon Do Para,2017,19826.85795651233,0.487762941706375,0.8823106165863397,0.3665113933918005,0.7813830731973709,2472.798154216137,25.61543543616221,29.87950780540495,16.87166467412148,2178.360909303887,1506187,3600
Ruropolis,2017,28.62419309082029,0.5594038461538462,0.89695,0.39585,0.6778500000000001,2002.624030603644,25.04221458181448,29.09192622632194,15.91184771640586,1920.0851019101,1506195,1349
Santa Maria Das Barreiras,2017,18059.96089442595,0.6195493738819333,0.8530167109634544,0.4322805698952208,0.7269482059800669,1636.352214043547,25.72220503165982,29.88331668205114,17.86999209087991,1697.768020430353,1506583,2880
Santana Do Araguaia,2017,47100.8831900188,0.6456977396009764,0.8777400064417313,0.4639592868487826,0.7555091730574541,1688.897816887058,25.72241634506954,29.99565471826546,17.91300871627435,1979.872983503232,1506708,2820
Santarem,2017,37818.04488643359,0.4420493493506598,0.8166310470490825,0.320611606751817,0.6901609801576095,2003.218912874691,26.03251118117281,29.21198189303863,16.1835631694868,1762.507759433494,1506807,3000
Tailandia,2017,401.0545553030927,0.4777520449491157,0.8334066053991958,0.3315451287942385,0.6372590656710704,2882.202165528724,26.23104852132509,30.86383071187595,16.76311651636591,3164.974641732251,1507953,1500
Ulianopolis,2017,21023.59887453337,0.4650393566030692,0.8828709930870532,0.3529315227365324,0.773941926240398,2172.158881893333,25.98080893308508,30.36571163929178,16.91345089251709,2320.655328885084,1508126,3600
Uruara,2017,251.711898779297,0.4843032258064516,0.8339806451612904,0.3620550868486352,0.6728548387096774,2137.651770760344,25.06389261256959,29.15654997108565,15.47705286566848,2303.037605973363,1508159,3000
Abel Figueiredo,2018,272.7326545339778,0.478794831847471,0.887626630770589,0.3474072847181065,0.7924894077147148,1975.317134711724,25.74358696351092,29.70420005925935,17.30552928503057,1555.867875631193,1500131,3000
Agua Azul Do Norte,2018,91.36748773289116,0.6013371990369181,0.8852657303370786,0.4646160914927769,0.8336685393258426,1776.215603506349,24.89777339990533,28.80047549005756,17.72821140381147,1262.808168344393,1500347,3600
Altamira,2018,2644.799843652318,0.6615535805161752,0.9113786259541985,0.5075918938567792,0.8166310432569966,1840.742387458314,24.93262257384416,29.16877628882546,16.7491564330807,2543.857523877261,1500602,3000
Belterra,2018,12835.91791182684,0.4548856588239718,0.8482123320280203,0.3376768003520063,0.7638472098707104,1695.204464732109,26.37043501103355,29.11438716296062,16.58407979617692,1401.701214110986,1501451,3000
Conceicao Do Araguaia,2018,2591.408229595956,0.5935000877500884,0.8573987714987722,0.3937234819234816,0.6981356265356271,1847.501439665004,26.18753061635223,30.22534364292066,18.3335635247458,1333.204904085901,1502707,2000
Cumaru Do Norte,2018,9550.358230931997,0.6792535580691129,0.9087333541147127,0.507638849305308,0.8013750623441409,1857.674278881894,24.56958168320752,28.79376619085929,17.55889577903552,1940.263032524679,1502764,2000
Dom Eliseu,2018,54572.48348529739,0.4506419690357324,0.9001825199136507,0.3472020411617039,0.8375565461507526,2121.162848138092,25.57392495233922,29.94333928087055,17.13887780988986,2737.430933396744,1502939,3000
Floresta Do Araguaia,2018,2305.630192962662,0.5652408369408368,0.8543416666666663,0.3718828643578645,0.7097063131313137,1801.49835388969,26.01119937791449,29.96957654180659,18.11103129181447,1296.705715224048,1503044,2600
Ipixuna Do Para,2018,4877.463016720741,0.4519194176857475,0.848916536782427,0.3372501752674745,0.7384361759709206,2155.532029940276,26.11484976405268,30.7033126123871,16.94281359123013,3081.591834749513,1503457,3000
Novo Progresso,2018,2132.883595178218,0.6460107254116597,0.904709968847352,0.4923221183800623,0.8069691588785042,2167.638417060413,24.49275219255051,28.79335301088458,16.85170557859589,2381.390851637121,1505031,3000
Paragominas,2018,98470.78655518946,0.4428603106879924,0.8643892317807997,0.3369141440236326,0.78178056189314,1933.389026984074,25.90706210199265,30.41694319077088,16.96423370420649,3089.604328264238,1505502,3000
Placas,2018,69.94379216308593,0.5140392857142857,0.841925,0.3539142857142857,0.6315500000000001,1667.986186694498,25.30232943251344,29.50275909169348,16.48804832929583,2375.101455147243,1505650,2700
Redencao,2018,4777.084076771584,0.6332909017857146,0.8862795000000004,0.4484506696428573,0.748223250000001,1938.838285717901,25.5723490086439,29.60495111949888,17.94803560241994,1318.788521145261,1506138,2000
Rio Maria,2018,285.1817973876934,0.631120879120879,0.905453846153846,0.4440380494505495,0.7994230769230768,1817.080415875464,25.58240999293793,29.46569551279039,17.93291161765677,1229.846841155377,1506161,2400
Rondon Do Para,2018,23430.42829482151,0.4621687373830152,0.9059351531399135,0.3484215989583983,0.8285642631479039,2233.82371510453,25.49757622293364,29.7721957707967,16.95772730834403,2245.459372075403,1506187,3000
Ruropolis,2018,30.14029492797849,0.5045892857142857,0.7947500000000001,0.3566857142857143,0.7263,1685.750671124201,25.13827987463259,29.308676589029,16.274357298641,2140.004074877037,1506195,1350
Santa Maria Das Barreiras,2018,23340.52454592495,0.607520903280734,0.8811268920476751,0.4243155878529391,0.7266376500802177,1897.887286689635,25.55343088796032,29.68368679609132,17.94000550943016,1723.998228096164,1506583,3000
Santana Do Araguaia,2018,53398.82787627538,0.6176174787398943,0.8987441260772626,0.4461663363184797,0.7789077000125908,1774.705306122546,25.51258753795483,29.69520879447014,17.94044398284434,2020.768021672644,1506708,2800
Santarem,2018,38018.96290409614,0.44032247267485,0.8303452532954247,0.3227198955605579,0.7207587114800413,1685.03411787755,26.29716276028572,29.53594966943599,16.65136995303039,2094.975529700407,1506807,3300
Sao Felix Do Xingu,2018,2631.098776764467,0.6898434291898574,0.9225482683982683,0.5001450834879403,0.8272220779220785,1867.838159928348,24.87213022958646,28.92545383050931,17.11060259423453,2081.344240764486,1507300,2400
Tailandia,2018,854.2736045361274,0.487821472115479,0.8798323058751806,0.3696231118211211,0.8290571020345958,2328.020855959126,26.15025566454824,30.77457129870898,17.00051194277515,3353.732958805827,1507953,2585
Ulianopolis,2018,24358.29716284115,0.4516011312741424,0.8749729872213728,0.3379393514599146,0.7892692247762294,1818.459250249282,25.82740319527761,30.15099113274211,17.11249371042137,2366.896102256843,1508126,3000
Uruara,2018,264.136211901856,0.432152073732719,0.8452806451612903,0.3222864055299539,0.7641741935483872,1703.435093053732,25.33922147697774,29.54251209443797,16.3567278650021,2834.291753029182,1508159,3000
Abel Figueiredo,2019,814.9626216666848,0.4807910857899997,0.8474080239115026,0.3579724665560304,0.7440985486703848,1884.054420489102,25.79909023552351,29.62236224856947,16.92054043598748,1471.470130325394,1500131,3100
Agua Azul Do Norte,2019,102.9086337289849,0.6492940208667738,0.8923808988764045,0.4984463483146068,0.8198022471910111,1514.002192975418,25.04150756668875,28.88074271677496,17.2684982312804,1219.586059689199,1500347,4340
Altamira,2019,4483.717028735025,0.6468901725140532,0.8956869742198104,0.493704119015313,0.8321394843962012,1808.984107624686,24.99964031709289,29.13040001967703,16.30803330003116,2400.771165443431,1500602,3780
Belterra,2019,13327.32628616197,0.4991724058208794,0.8927058514727592,0.3670994037981298,0.7689752078593487,1626.984949221927,26.22458364511989,28.85761579704602,16.01302478648261,1332.654090466597,1501451,3000
Conceicao Do Araguaia,2019,3168.008591247551,0.5978395075866016,0.8231346693386772,0.4104756369882626,0.656678957915832,1395.637538157075,26.28607967105658,30.28768230337919,17.81829976600015,1277.670870886895,1502707,2800
Cumaru Do Norte,2019,9837.35558651521,0.65475212237427,0.8942744356314831,0.4926434019001134,0.7962635143380111,1634.034611360463,24.81038412809748,29.00628354079349,17.68263426363925,1947.584328180761,1502764,3600
Dom Eliseu,2019,56254.65056948313,0.4642569329946462,0.8398266306494069,0.3585097194344841,0.7837476345900735,2094.070862378705,25.51828166822324,29.75159659767983,16.1574845932269,2439.037305310553,1502939,3100
Floresta Do Araguaia,2019,2619.018465698274,0.6213165810593896,0.8370406741573032,0.4324286516853932,0.6866606741573036,1377.331010333053,26.08623025978023,29.98065627094378,17.50985422288012,1234.076119311677,1503044,2800
Ipixuna Do Para,2019,4192.023820796847,0.5016655150377027,0.8476675634826426,0.3767119150476296,0.7334637501809645,2908.265737170061,25.85820499824851,30.22704129924984,15.75095561095496,2514.278452839365,1503457,3100
Novo Progresso,2019,2448.986498511455,0.6142569637883006,0.9083746518105851,0.4689613211301233,0.8463618384401121,1931.33916714751,24.67478268537062,28.98661080456475,16.94189451420368,2330.815215848134,1505031,3300
Paragominas,2019,97706.24073283141,0.4676895737576531,0.861432283444432,0.3539834540511265,0.7696819243808882,2505.275255972305,25.6740190602197,30.00097688461204,15.85297581929838,2543.788686907451,1505502,3000
Placas,2019,39.43291889648438,0.5176196428571429,0.8676750000000001,0.3727875,0.793425,1635.315200129719,25.18095798364155,29.19548751905011,15.67492341073708,2131.314634839346,1505650,2700
Redencao,2019,4988.943382563862,0.6690822690099181,0.8913920828258227,0.490985783887245,0.7805582216808771,1539.912939916083,25.72425721841744,29.72722374713711,17.68655304777077,1294.037246461992,1506138,3000
Rio Maria,2019,281.3648998474101,0.6572056851311955,0.8940183673469385,0.502982361516035,0.8104204081632653,1412.638356549683,25.68526015722419,29.49703805889993,17.42519945739056,1184.041589503259,1506161,3600
Rondon Do Para,2019,26562.73694218491,0.4853786194533623,0.8538437532870445,0.3688258106020095,0.7847496676533723,2158.856177370003,25.51728356833716,29.62777018674696,16.30976379404742,2059.099728381711,1506187,3000
Ruropolis,2019,27.73239498291016,0.6026,0.82945,0.4094357142857143,0.58835,1876.078920486133,25.12578039246518,29.1547269916885,15.74148237265868,1991.566242308726,1506195,1350
Santa Maria Das Barreiras,2019,28337.92893455466,0.635068531279952,0.8720106765856285,0.4524471005947152,0.7223229973040985,1561.000296762551,25.75879062240453,29.87701844337994,17.99288486288633,1714.829571191852,1506583,3600
Santana Do Araguaia,2019,59182.63596422215,0.677109992083299,0.8951178415243369,0.4968071159290495,0.7860916046767202,1665.645721763423,25.75006159726163,29.94751071547174,18.14808889036797,2001.846308368489,1506708,2773
Santarem,2019,38706.07632473561,0.4828705232243589,0.8763007311208089,0.3539891507607015,0.7537471193120813,1667.637211783403,26.10678363343592,29.18742108506192,16.05110373079826,1873.16832532807,1506807,3300
Sao Felix Do Xingu,2019,3078.961185612533,0.7075917904401834,0.9043355387523624,0.5146286659465301,0.7960909262759921,1655.244546987525,25.02259055957025,29.02587035262705,16.90808073025118,2026.075136482825,1507300,2400
Tailandia,2019,1500.990524166378,0.4914901515830213,0.837647694301601,0.3554186992707531,0.6863092374263142,2817.791719119509,25.86140759300964,30.16316434108,15.56787507393354,2698.185315908559,1507953,2742
Tucuma,2019,18.82997495117187,0.6415857142857143,0.8714,0.4505857142857143,0.7583,1649.687586925348,25.2487422600875,29.23114901117085,17.22343745876667,1347.711198133648,1508084,3600
Ulianopolis,2019,26381.75088307325,0.4761161216950107,0.8606710479556291,0.3626638157847029,0.7839575888853153,1968.633578752522,25.65293884769669,29.83387588317157,16.07623217065398,2026.65571703241,1508126,3100
Uruara,2019,550.2000371337919,0.5446016964285714,0.8862624999999994,0.4359760714285714,0.8227000000000002,1707.140444699481,25.09997833563305,29.07519428193165,15.03973028445391,2370.782392766927,1508159,3000
Xinguara,2019,121.4752847751756,0.6220160650737163,0.8639476868327401,0.4630193695983731,0.7138782918149466,1462.10058802724,25.65543215786109,29.36591620232796,17.28709849596107,1168.066961098011,1508407,3600
Abel Figueiredo,2020,947.9611431765002,0.5461935702736243,0.8992838663706868,0.419529087631106,0.8325105237194772,2079.0319864246,26.18333625130517,30.03701016792154,17.17541354917227,1611.088145733811,1500131,3200
Agua Azul Do Norte,2020,352.5940074951166,0.6751543083900227,0.90942380952381,0.5069303854875282,0.8043936507936508,1581.196360655769,25.41705050414584,29.31209426517401,17.88969048768479,1344.676199267403,1500347,4600
Altamira,2020,5485.427146553942,0.6535524051371272,0.8958586562742071,0.4914508444238267,0.8254340933658358,1962.883066634816,25.28665934459406,29.42485007267809,16.48219036622246,2519.386520441087,1500602,3600
Belterra,2020,12277.85905257575,0.4903321345157557,0.8847883690720518,0.3688923899982116,0.7678275104742733,1922.863576207151,26.49603154680808,29.16551554052355,16.23416982737088,1317.262065172785,1501451,3000
Brejo Grande Do Araguaia,2020,32.83387213745116,0.5156571428571429,0.8795000000000001,0.3590357142857143,0.6694,1787.233825092472,26.38099035667229,30.07999638586953,17.33737655104046,1462.108126589959,1501758,3180
Conceicao Do Araguaia,2020,3554.261717761217,0.636626104565538,0.8616412371134023,0.4458519391261661,0.7105804123711341,1638.887731598798,26.5485449644245,30.53796763910097,18.24732730817015,1357.847139056423,1502707,3000
Cumaru Do Norte,2020,11157.50671474394,0.6885943288642327,0.8969365156418572,0.5317977808599172,0.8225302049622432,1682.117316425775,25.02512302045177,29.22643217756504,17.95422942322819,2073.855157298159,1502764,3000
Dom Eliseu,2020,58387.18397232306,0.4646914004408915,0.9039364613867371,0.3664523016887264,0.8739511928883693,1943.397116000816,26.0040333747483,30.35262956051767,16.57433997340438,2818.414765083332,1502939,3150
Floresta Do Araguaia,2020,2516.655829235867,0.6133011205731621,0.8523264501160102,0.434036911348512,0.7349809744779578,1608.592888458199,26.38808125040752,30.281197224002,17.93879228907176,1316.296096758259,1503044,3000
Ipixuna Do Para,2020,4190.988547121739,0.5172712110713771,0.8884503417739841,0.3970753792918121,0.8252894458110273,2420.929744631524,26.29005650407961,30.70888140113693,16.24176117320562,2853.247915548049,1503457,3200
Novo Progresso,2020,5883.014707896081,0.6345315021364456,0.8964142077875621,0.4837492689427028,0.830802228363624,2106.534873506074,24.81482201348351,29.02687645422029,16.62646988976452,2344.792077906718,1505031,3300
Paragominas,2020,102957.822116799,0.4698858640679628,0.8788648365698455,0.3574537682528183,0.7937558208851693,2008.802007693808,26.13028204566692,30.53523375425463,16.26927022433804,2910.984763680819,1505502,3150
Placas,2020,33.01077447509767,0.4809785714285714,0.7595500000000001,0.3430035714285714,0.6009,1840.576216462664,25.42619279516883,29.48443190558078,16.02243692158732,2126.606127119443,1505650,2700
Redencao,2020,6073.093751399522,0.6509026871824269,0.9050747241725154,0.4841458138150722,0.8235430290872611,1733.535617883311,25.97263280596199,29.95903051456764,18.05250971947468,1366.809542501324,1506138,3000
Rio Maria,2020,434.1111872871185,0.6674754906572027,0.8971133343310386,0.4849721308846795,0.776600882969171,1585.168187807446,26.00366343473437,29.85006864802507,17.90212611408272,1266.181994218323,1506161,3400
Rondon Do Para,2020,28289.3383721427,0.4758920469419635,0.9000859860856154,0.3665564192752481,0.8517107291005459,2049.474965113056,25.90446472769829,30.1194961318105,16.67388567042023,2305.332683620582,1506187,3200
Ruropolis,2020,30.40743009033202,0.5993571428571429,0.7646,0.4307,0.6194500000000001,1889.444574284,25.29754752406643,29.28483754734017,15.67306637492134,1934.155295478113,1506195,3300
Santa Maria Das Barreiras,2020,34466.85194429693,0.6541723744801631,0.8931568037957541,0.4872360645748801,0.8044378286193509,1718.58077227027,25.9991021108862,30.09203708597983,18.230915482415,1824.764681404665,1506583,3000
Santana Do Araguaia,2020,67299.48174533044,0.662273652269908,0.9032398090038508,0.4927562277595482,0.812916975238966,1632.600185902929,25.98873181975241,30.17937458514572,18.34150387564715,2150.514539516621,1506708,3000
Santarem,2020,36061.41655666568,0.5005822357636706,0.8908631159165842,0.37948390442266,0.7901432669616956,1860.064760830876,26.3644882388965,29.48818603190352,16.2443478792615,1868.268956721522,1506807,3300
Sao Felix Do Xingu,2020,4826.489177862831,0.7017234940855327,0.8991817834394893,0.5405294540491355,0.8355397452229293,1729.51602699169,25.34799674808414,29.36442699744093,17.28648363281604,2209.448193831886,1507300,2400
Tailandia,2020,3146.885340011409,0.4818989413194246,0.8320128020583735,0.3544881714881908,0.7292387607317488,2327.299082645304,26.27548530787002,30.72873162821464,16.28072708406671,3008.086623441028,1507953,2300
Tucuma,2020,42.98458218994142,0.6477285714285714,0.8558,0.4652380952380953,0.7474000000000002,1730.664136055654,25.60672508958321,29.57459670520509,17.62600350390773,1462.12093497679,1508084,3600
Ulianopolis,2020,29329.8229448508,0.4592678182334006,0.8937357751371471,0.3540010172674862,0.837384621457083,1843.79280658229,26.20457618724296,30.50940392443673,16.51408157840007,2376.497618933421,1508126,3150
Uruara,2020,802.8204943176272,0.5183842192691028,0.8896984496124033,0.3945813953488372,0.8227782945736436,1813.7113504057,25.48553517083598,29.61079434883975,16.02829306430585,2558.438664157985,1508159,3000
Xinguara,2020,156.0937661417644,0.6541254464285714,0.8756412014563105,0.4995241678224688,0.7671267597087379,1566.435644264457,25.99676493177709,29.73822936161235,17.77972896060957,1258.967838938554,1508407,3600
Abel Figueiredo,2021,1010.032515766103,0.5756122106703971,0.8822767237995555,0.4288967781479282,0.8145481695669238,1952.480944635345,25.78021029461362,29.69589177021793,18.44722758632843,1614.964701801049,1500131,3000
Agua Azul Do Norte,2021,573.430963012849,0.6910395104895105,0.9016318181818183,0.5404935314685314,0.819845454545455,1627.439171047468,24.98626770712229,28.91370459237043,18.13862914919143,1322.215746483369,1500347,3375
Altamira,2021,5275.607606220828,0.6910940406406391,0.9092333238072111,0.5353066332592857,0.8324533901090267,1894.884921828,24.95189540682868,29.23017579177271,16.96231421051512,2672.836322671677,1500602,3600
Belterra,2021,22727.28243416191,0.5240067526446768,0.8746959446030963,0.3925264070025462,0.7694922729192514,1703.026722271453,26.05939829748406,28.73427285850515,16.1056574059319,1246.572441395624,1501451,3200
Brejo Grande Do Araguaia,2021,734.9226114705681,0.6385649903073172,0.8550449552885915,0.4826699280170649,0.8003365504471143,1664.458595877652,26.05782877516828,29.81816408391255,18.57861410331198,1481.226222860796,1501758,3180
Conceicao Do Araguaia,2021,5675.803403750654,0.6425442426547487,0.8625954264524109,0.4545987734144716,0.737946106304078,1336.133819373671,26.34381312616696,30.44880402165949,18.8098807463977,1410.499877404902,1502707,2408
Cumaru Do Norte,2021,7945.21958424068,0.6704008559948756,0.8953697956093863,0.5142371455191301,0.8564132475397414,1633.061478375015,24.76353226588382,29.0933776182925,18.29804107138449,2209.246312657325,1502764,2100
Dom Eliseu,2021,68947.53706625273,0.5081762553308911,0.882177217568831,0.3971823869334026,0.820052901957649,2027.819939840254,25.541329303931,29.92409550499096,17.81302493764863,2714.223183795167,1502939,3180
Floresta Do Araguaia,2021,3712.810464712924,0.6437023453860116,0.8691522686025417,0.4592434036018431,0.7507215970961887,1319.417482094497,26.16455703983873,30.11785152155047,18.62594428409161,1362.966007399262,1503044,1892
Ipixuna Do Para,2021,7454.894172639118,0.5409108111500353,0.8567922602791818,0.4033629773688081,0.751223455962168,2193.33203114303,25.95711401114422,30.47142952452185,17.57436574507182,2791.916843916713,1503457,3180
Maraba,2021,578.6749767626482,0.6652696923076923,0.824756,0.4889223076923075,0.6827199999999998,1745.44241585278,25.29714612903667,29.24575583156397,17.36633191474413,1711.457761005259,1504208,3101
Novo Progresso,2021,7338.570498471128,0.6778792966605875,0.9004643731071245,0.5171287060608334,0.818397602271279,1847.6464799349,24.56404962513988,28.93559746790355,17.13742272139672,2580.642994477265,1505031,3300
Paragominas,2021,127868.0713586229,0.5380799500540732,0.8742570293183455,0.4075164886060519,0.7807953784070291,1916.572128873989,25.77878761445699,30.24624232762711,17.51087531354916,2863.089738604252,1505502,3180
Placas,2021,1471.571408331301,0.5582578994945835,0.8365755188550567,0.4076030166798766,0.7013770024972195,1829.048601209869,25.04997210532695,29.1310815144917,16.21088325592007,2212.656714768373,1505650,2700
Redencao,2021,4981.156521425466,0.650941133804161,0.8874397022332519,0.4799888719221227,0.7931327543424306,1483.708095240663,25.76122236468853,29.84845744821906,18.55294411534222,1427.085313277367,1506138,1892
Rio Maria,2021,834.4103526954276,0.6573924825174825,0.8743454545454548,0.4830489510489511,0.7416863636363638,1480.102169891019,25.7279656746825,29.61717553539672,18.46649572212796,1295.491342303524,1506161,3334
Rondon Do Para,2021,34272.36930342607,0.5265689998577856,0.8976518019587155,0.4109852602575455,0.8423783670016868,2116.0836006552,25.52096060602933,29.77573488335058,17.78637554761571,2264.659238053625,1506187,3120
Ruropolis,2021,532.7385460205,0.5868181912681912,0.8544067567567566,0.4292532224532222,0.6914081081081079,1845.199641122021,24.98610943767716,29.09137101122903,16.19762107535001,2065.443988696579,1506195,3300
Santa Maria Das Barreiras,2021,33968.20947729247,0.6493509737256391,0.8816946958637136,0.4726623799824958,0.7704759632185735,1573.404489652693,25.7597272307621,30.00567210595656,18.59672942640756,1937.203134512624,1506583,2957
Santana Do Araguaia,2021,67384.86626900184,0.6486268709522844,0.8904883035860116,0.4863585553896621,0.805982260035167,1515.261499333999,25.78371864283854,30.1928716603869,18.79361719383394,2363.549276875896,1506708,2256
Santarem,2021,76344.46658913943,0.5304006482634022,0.8688938588461834,0.3891519433038196,0.7399289571242776,1778.76580189192,25.93458225631078,29.06115064674931,16.14063867092089,1816.830132011456,1506807,3200
Sao Felix Do Xingu,2021,8639.36964587424,0.7008150563186815,0.8754032142857151,0.5343373713369962,0.8010279999999994,1862.420237148633,25.00539003572966,29.17512433207854,17.69143722247989,2287.196788801843,1507300,3900
Sao Joao Do Araguaia,2021,835.67463805961,0.66730729728287,0.8071236641221371,0.474809149628997,0.6505954892435808,1854.367118724184,26.27598232357864,29.94913340740479,18.53903292154768,1387.629331746863,1507508,2801
Tailandia,2021,10614.48068687081,0.5762677450827367,0.8636339421595672,0.4210539841014351,0.7458839326187818,2319.15521316923,26.02064808731662,30.56813441977247,17.59703962635208,3094.353729217019,1507953,2054
Tucuma,2021,211.6915529052732,0.6678735785953178,0.8711391304347826,0.500503678929766,0.7643086956521741,1805.752759166222,25.19196140910811,29.26186277777005,17.85960196133995,1456.006596789075,1508084,3600
Ulianopolis,2021,38880.22237474414,0.5441832573369387,0.8808043286512072,0.4125174817222129,0.7821600902390622,1992.233112822459,25.71453574618634,30.008508768232,17.71293386565528,2246.912881950407,1508126,3180
Uruara,2021,3963.567971811925,0.5259118559218559,0.8340491428571432,0.3912522905982911,0.6963043809523813,1855.743750129917,25.05059154462094,29.07430878568456,15.77473662616489,2516.959679417592,1508159,3000
Xinguara,2021,1230.711135093463,0.6284440559440565,0.8415803030303035,0.463979662004662,0.7396643939393941,1504.900858050854,25.67762264192921,29.50157821561679,18.36039215938091,1277.746994427591,1508407,3600
Abel Figueiredo,2022,1137.42116966905,0.5425657115418078,0.8976559261688369,0.409413637550026,0.8090895999250441,1969.217629037125,25.60149341507601,29.49065994629965,17.7296098544306,1517.777284269566,1500131,3100
Agua Azul Do Norte,2022,588.170481006009,0.7265090266875983,0.91728021978022,0.5676430141287284,0.847793406593407,1502.945982886899,24.86676066122909,28.78577165407422,17.53369546169384,1272.832463312386,1500347,3375
Altamira,2022,7435.605106361222,0.6683267353885434,0.8988473754941482,0.5185955620157487,0.8540848317196874,1948.879073010348,24.86196318219243,29.0631743972499,16.47555350821211,2572.786100094905,1500602,3400
Belterra,2022,22811.38636446311,0.5161659823516135,0.8633758686779617,0.386619568210051,0.7301977269371184,2251.985431406392,25.86194297733012,28.49949971863396,15.45367320142708,1171.464909891143,1501451,3500
Brejo Grande Do Araguaia,2022,733.232007967151,0.5606460779185988,0.8515459615127025,0.4257087333124971,0.774991494396571,1569.198763108084,25.89517877170605,29.60323529689227,17.7879696866647,1403.564898436947,1501758,3180
Conceicao Do Araguaia,2022,5920.471029393599,0.6624095125653565,0.8855221959858309,0.4757089475459605,0.7421866587957486,1512.129677675013,26.10105477413886,30.15520895011905,18.18596102505057,1339.745535661049,1502707,2100
Cumaru Do Norte,2022,10284.80408162823,0.6417003306878303,0.8791409143518505,0.4660147858796287,0.74230491898148,1618.427789824299,24.52917525156007,28.78963820417962,17.44487927275351,2062.40253922479,1502764,2556
Dom Eliseu,2022,72401.87936841625,0.5474590874818915,0.9023367100433758,0.4269142450864102,0.8211144503749316,1960.323816531321,25.38568196804238,29.69007829972429,17.21105281856897,2489.242624368162,1502939,3142
Floresta Do Araguaia,2022,4159.978124319869,0.6508704457142857,0.8705044800000001,0.4522222285714289,0.71996352,1531.003942090809,25.93972745539681,29.89265116168938,18.04984139709166,1299.319239164515,1503044,2100
Ipixuna Do Para,2022,8481.77467980765,0.5566111927323647,0.8621009403595059,0.4191653591622186,0.7594198039109327,2238.822373419301,25.77876137787214,30.17303440062771,16.18881330224427,2566.179342143091,1503457,3160
Maraba,2022,578.7639880907732,0.5938302857142858,0.8209760000000002,0.4406507142857143,0.6458680000000001,1583.271560978863,25.15676481247676,29.00134102783787,16.75534745169297,1619.187008909949,1504208,3101
Novo Progresso,2022,7773.268675546383,0.6594283127127178,0.894639050825676,0.5162477211086189,0.8612515207049967,1859.529421685648,24.432774958713,28.69940215290815,16.49782290726294,2501.3653069537,1505031,3300
Paragominas,2022,141713.2937875272,0.5442023652622503,0.8754140883529935,0.4169595281673757,0.7994760999393552,1934.325778533442,25.67017092257519,30.04953049285233,16.47201708565608,2696.277296903948,1505502,3120
Placas,2022,1476.300219586184,0.5555335086803443,0.8578221726221369,0.4034728144900799,0.7114660299399954,1969.52006467954,24.89603942259332,28.9218288936121,15.73109931073656,2041.609429491095,1505650,2700
Redencao,2022,6527.69016557228,0.6601912974455185,0.9042600375234529,0.4890066774220158,0.7668371482176348,1580.175238700514,25.48550721848618,29.52131697357515,17.689197453328,1332.204809284672,1506138,2100
Rio Maria,2022,897.3274417246598,0.6901001457725946,0.8852714285714285,0.5035795189504375,0.7404224489795918,1505.305240395346,25.51953440887878,29.39111313811156,17.81367209534919,1235.53830804687,1506161,3334
Rondon Do Para,2022,36026.90670767501,0.5705384346334019,0.9001456255201812,0.440096018092026,0.8378632705380834,2217.188438245649,25.31582392000789,29.50264618820218,17.16609122864421,2067.697228340262,1506187,3150
Ruropolis,2022,533.3627877441328,0.6089219246031745,0.8697486111111113,0.4430439484126985,0.7355333333333332,1888.701537457142,24.87248936576253,28.94019636780813,15.7180566543285,1932.417238479553,1506195,3200
Santa Maria Das Barreiras,2022,37174.23064356395,0.6583949048581903,0.8979854018173739,0.4854480453600236,0.7856057905860742,1554.281950287801,25.48662171755748,29.63980594262026,17.87206130098181,1802.141613746812,1506583,2400
Santana Do Araguaia,2022,74237.14929767621,0.6544130882862185,0.9089713375804325,0.4877265841877847,0.8222925977232259,1616.448343345895,25.42393515055308,29.66448488928845,17.89428411207589,2116.049903762473,1506708,3000
Santarem,2022,76581.18977380505,0.5158232416030479,0.8438770149886066,0.3817997205060258,0.7082813460706365,2195.203859726514,25.73685607084181,28.79913640057399,15.4337627135769,1655.68821650747,1506807,3500
Sao Felix Do Xingu,2022,8724.699963836894,0.6687705716302047,0.8782706422018357,0.4852635951204766,0.7522070571630208,1737.261748157412,24.86430162336219,28.97248749176319,17.0617559331549,2183.313198267208,1507300,3900
Sao Joao Do Araguaia,2022,836.2977147563872,0.5950867254882524,0.8078804302567663,0.4275687221175772,0.6307845940319222,1754.438519231519,26.09215982856896,29.67784610692449,17.76471991832962,1310.854606038082,1507508,2801
Tailandia,2022,11565.9030301353,0.5320795100117769,0.866296843491843,0.3926884019886753,0.7381120135853481,2527.722755729861,25.73776027119913,30.14272030210772,16.23249396821228,2706.053279043296,1507953,2700
Tucuma,2022,211.5139114624021,0.6055636645962733,0.8403391304347826,0.4322503105590063,0.6771608695652175,1644.757975723209,25.08135160967704,29.10069247013877,17.37560166684912,1410.684137864018,1508084,3600
Ulianopolis,2022,40599.88862926354,0.5562478913424309,0.8823294004000827,0.4269155181016185,0.7958103723379154,1787.381480655212,25.69852284449774,29.93895404045598,17.04194151034008,2190.983716061459,1508126,3145
Uruara,2022,3971.777403238927,0.5094816384950926,0.8341003816793886,0.3897244820065427,0.7120564885496183,2245.47878916198,24.86080845325455,28.84734364628997,15.25511251898835,2276.78696658484,1508159,3000
Xinguara,2022,1239.200044260297,0.6304564393939395,0.890318181818182,0.4577524350649351,0.7460606060606063,1503.980158817139,25.50570091310755,29.29640698274338,17.86179726627583,1226.903654738254,1508407,3600
Abel Figueiredo,2023,1145.262187028737,0.5607824263460941,0.898923673364845,0.4312867401348504,0.8807062029943882,1699.309898124571,25.50796776834498,29.41057346694734,17.86963262986374,1528.639805566107,1500131,3067
Agua Azul Do Norte,2023,618.9751720277364,0.7327389751552794,0.9211336956521742,0.5673401397515532,0.8013,1630.200970677553,24.73491332409869,28.55867830884975,17.73208113512719,1262.026961442215,1500347,3333
Altamira,2023,8071.047241536939,0.6968664954852244,0.9083982955988564,0.5347597596046519,0.8398370677367973,1843.520462212642,24.8782589093517,29.16348312772056,16.97664253779348,2678.086906222227,1500602,3533
Belterra,2023,22853.90232172568,0.5205656799307179,0.8719801897620787,0.3955072922856218,0.7739217367846098,1671.458997034391,26.06461544002483,28.82663212556683,16.58605618140493,1324.098634575758,1501451,3500
Brejo Grande Do Araguaia,2023,733.4099570150026,0.6387652998807241,0.8986428539536547,0.5025125188960258,0.8071847658168508,1687.149788941393,25.80910156649797,29.4859694175427,18.08033112529244,1420.815864119093,1501758,3180
Breu Branco,2023,2377.676416405097,0.5813374472264029,0.8338669059069724,0.430379030591641,0.6874877124710892,2070.1262770569,26.14327185432521,29.87162790051915,16.89390323469222,1344.510455925668,1501782,3300
Conceicao Do Araguaia,2023,5963.311800707078,0.6670189531588607,0.8945536756126028,0.476117202867144,0.7660647607934657,1677.184836988766,26.0809372772226,30.08660866057613,18.51102485820741,1342.235690063083,1502707,2355
Cumaru Do Norte,2023,12141.85618894935,0.6762621115904309,0.8949956901445335,0.5063768062643438,0.8534817503007018,1488.017233771308,24.4274119518418,28.70454750581493,17.75308508274109,1995.684324273701,1502764,3200
Dom Eliseu,2023,72932.10168473044,0.5399739198319078,0.8852804486763745,0.4209524630631221,0.8213876305130867,1767.02845066377,25.32688693927611,29.62913577155117,17.31708095319718,2544.597187717422,1502939,3100
Floresta Do Araguaia,2023,4164.231166104539,0.6686087161231051,0.8985186495176852,0.4709371497473588,0.7357824758842443,1667.196745540243,25.85716427840574,29.74827195946252,18.28879458039859,1293.53757060897,1503044,3200
Ipixuna Do Para,2023,8625.982858890815,0.550404003069771,0.8697819190641511,0.4176240992852717,0.7700083519480414,2147.278606715779,25.87418831338659,30.29660542711964,17.12305155754211,2803.317926043679,1503457,3100
Maraba,2023,581.0782699877458,0.6033712857142857,0.8088319999999999,0.4401287142857144,0.6471039999999999,1544.56331328011,25.08722033310086,28.98045118901011,17.00379467006864,1643.132007201672,1504208,3101
Novo Progresso,2023,8012.531247524231,0.6983402916305513,0.9040827094372773,0.5365462212099626,0.8229783489583816,1923.059263250049,24.49731239985073,28.91646687085357,17.17272689185164,2599.449537108764,1505031,3200
Paragominas,2023,143334.7378937136,0.5331200618477445,0.876558440340049,0.4162124914793321,0.8074605843364051,1963.771178984863,25.68128559600654,30.06179900413775,17.20141045787742,2830.38691815079,1505502,3115
Placas,2023,1483.348384234622,0.5468384079903147,0.8441063559322033,0.3951757912487029,0.6799591947065211,1604.793764504391,25.06987594647602,29.282695587053,16.66835982713882,2338.819855714987,1505650,2700
Redencao,2023,6745.073452162947,0.6700362254259495,0.9053752293577976,0.4975897706422024,0.816575229357799,1609.32662132747,25.44651156635109,29.46541955012407,17.99683676588476,1329.055577311504,1506138,3200
Rio Maria,2023,1009.149385325563,0.664491011904762,0.894414166666667,0.4836220833333333,0.7815858333333331,1606.600360745094,25.4257200975647,29.23348319429838,18.05030098609225,1225.856750371349,1506161,3356
Rondon Do Para,2023,36202.55972079022,0.5610608787293467,0.9068986806803807,0.4413679477177851,0.8548300395273034,1826.009248287824,25.24750123287866,29.45652540820224,17.25991168942479,2107.471682487367,1506187,3360
Ruropolis,2023,547.8082218627857,0.610907335907336,0.8703000000000005,0.4560239382239383,0.7799351351351352,1726.980669416154,25.07827424062567,29.27970126078195,16.68715780513999,2273.533220954646,1506195,3200
Santa Maria Das Barreiras,2023,38077.10305834652,0.6626867775624204,0.9020769072332473,0.4842573290853873,0.8084902685081823,1536.343894079959,25.43141166827047,29.6138245857805,18.19042968771832,1770.590726068032,1506583,3000
Santana Do Araguaia,2023,76618.93836348708,0.6712129549769025,0.9019873986874203,0.4993502404329801,0.8313975394703993,1451.444449374297,25.36701216172917,29.63108109692764,18.2399276916604,2076.504638797708,1506708,2777
Santarem,2023,76797.98897129642,0.5214767595916344,0.8626044595173156,0.3965205171176426,0.7526216238924838,1680.768201757392,25.93940711768542,29.15101626132865,16.65267594002002,1930.927243578515,1506807,3500
Sao Felix Do Xingu,2023,9301.546848519047,0.6991578628563315,0.8868513439984846,0.5062611794669021,0.7701229267549706,1741.47808875101,24.80399492550515,28.89813082465557,17.34593984475092,2186.326989100065,1507300,3875
Sao Joao Do Araguaia,2023,836.5647188396393,0.6419030454818675,0.8317459326788219,0.448755354638349,0.6453968443197754,1642.187748781146,26.02794989608738,29.62005960010204,18.00259114570095,1330.891885453801,1507508,2801
Tailandia,2023,11786.90358407564,0.5672399499064561,0.8929637862060924,0.4376229327009422,0.8346008219480324,2327.639987934188,25.88628416609755,30.36439696508583,17.23190883213506,2992.599570268916,1507953,3000
Tucuma,2023,267.4610723815921,0.688229365079365,0.8814851851851854,0.4971216931216931,0.7109296296296296,1755.756655795711,24.98639215406411,28.96679968518347,17.43006758107079,1398.006933960944,1508084,3600
Ulianopolis,2023,41372.83316899353,0.5391749225118306,0.866580059739275,0.418813464802931,0.7936660496223584,1789.321099394599,25.59726424810324,29.79890753232898,17.32931852632776,2195.095206081555,1508126,3100
Uruara,2023,4075.833395286051,0.5140602116402115,0.8357783333333336,0.3851914682539686,0.6988914814814814,1884.69834190424,24.9493340997961,29.11446596195095,16.10612826083679,2554.647985876518,1508159,3000
Xinguara,2023,1347.050568911008,0.6729347424684158,0.878156462585034,0.4922034499514093,0.7675000000000006,1642.593970605349,25.39758280735794,29.1131811468504,17.97604511040703,1217.008707301718,1508407,3600
Monte Alegre,2024,737.5333908691447,0.5710820300751881,0.7742631578947369,0.400279097744361,0.589757894736842,1515.145244853287,26.45948893356641,30.68053894463302,17.29377065874829,3575.802776648259,1504802,2820
Abel Figueiredo,2024,1145.653797261341,0.5913662677253358,0.8621379258155399,0.4608486641341985,0.832985011758679,1205.261967246915,26.72560180593997,30.71096492958905,18.29553225087032,1782.723628367772,1500131,3500
Agua Azul Do Norte,2024,619.5967178590356,0.6611190993788824,0.9141956521739129,0.4939240683229814,0.8103978260869565,1510.621603434648,26.06502876080765,30.05004113444548,18.55038522856869,1492.864941979922,1500347,3600
Altamira,2024,8209.587858321243,0.6738051057476808,0.902686235579151,0.5197472880746009,0.8384413970547493,1569.3216811707,26.27379765756228,30.68130623669398,17.70975210014273,3405.631699322695,1500602,3578
Belterra,2024,22879.20496995765,0.4971826058270449,0.8819168502702562,0.3599655515001694,0.7303363997233385,1824.63522844087,27.48765307520926,30.33735393744956,17.36967279539167,1612.003619719213,1501451,3000
Brejo Grande Do Araguaia,2024,736.3463483480095,0.59913993264404,0.8290666785730235,0.4328422518321969,0.7002249854891281,1312.275026487099,26.98523129776796,30.71089319484348,18.1990679761463,1606.021137875445,1501758,3180
Breu Branco,2024,2378.122552977363,0.5691847212964449,0.8380285266399866,0.4169306318351991,0.708198277483725,1628.526857677972,27.31146708818209,31.18706258434409,17.45533886955815,1554.543285666406,1501782,3480
Conceicao Do Araguaia,2024,6054.234831401652,0.6333535258005636,0.8696864111498258,0.443848962999835,0.7567083623693381,1386.981956378575,27.3805387106897,31.60539679660474,19.29890114504688,1533.681586461274,1502707,3480
Cumaru Do Norte,2024,12377.92830794355,0.6732035335945041,0.8965502744627508,0.5081779528090998,0.8386093561606113,1451.234773156272,25.8265575866108,30.33284003695483,19.01239210782526,2540.275998527362,1502764,3600
Curionopolis,2024,1006.628890925125,0.68631838309884,0.8938905638665133,0.5231595842872783,0.796893872968649,1468.725145809551,26.39382472739211,30.10499181190798,18.24451361712963,1231.978094818134,1502772,2800
Dom Eliseu,2024,72991.06217404868,0.5207804690419187,0.8850448878284151,0.404933068027386,0.8275024104976954,1286.006004263295,26.52226763621113,30.94752004722504,17.89761606990533,3113.941154035208,1502939,3130
Floresta Do Araguaia,2024,4178.763137393604,0.612432275132275,0.8656112721417066,0.4281761099608927,0.7556305958132049,1435.950920694907,27.1713687654748,31.25956702273185,19.09761963196036,1496.816341942074,1503044,3600
Goianesia Do Para,2024,6815.665791838594,0.5612577794352679,0.8451154882206428,0.4174200900877252,0.7122419019475753,1579.146316695993,27.03460668001273,31.1346186848262,17.43768214952549,2632.642323504355,1503093,2560
Ipixuna Do Para,2024,8630.001647434514,0.5287416598205047,0.8672994484740627,0.3960029784317156,0.7542235078242154,1974.388038205419,27.0163116471573,31.56895161258175,17.31095569998481,3360.651777638819,1503457,3145
Jacareacanga,2024,318.0466132768937,0.6693492481203007,0.8220921052631577,0.5120663533834585,0.7907052631578948,1757.195514263495,26.49881843305064,30.7961412339287,17.71885803610711,2533.198695566608,1503754,2700
Jacunda,2024,312.8029605294024,0.6154945695897023,0.8295005631536604,0.4454114239742558,0.6388792437650845,1492.86117417858,27.01755759706448,30.72125530538562,17.6673356040074,2070.158650027478,1503804,3600
Maraba,2024,581.3452549975115,0.6250175714285713,0.8097520000000001,0.4527019999999999,0.6605319999999999,1573.176569041294,26.33331999971686,30.3027230589543,17.62435442560573,1947.238258745534,1504208,3100
Novo Progresso,2024,8022.572057996883,0.698464686160325,0.8995632099093287,0.5403628303741922,0.8440668705818375,1644.452913791727,25.94955529976167,30.58752191343291,18.3221467828614,3379.390014894081,1505031,3300
Paragominas,2024,143421.0362932198,0.4970505541539089,0.8694602493324024,0.378241161350107,0.7699466992508687,1744.826680150159,26.81924004763843,31.32060126548699,17.43969934904888,3409.97733811685,1505502,3128
Picarra,2024,1013.897735888671,0.6685643457382956,0.8422588235294121,0.4667770708283315,0.658416806722689,1362.487506176902,26.89753967466547,30.6446737204253,18.2639342784485,1417.656198152289,1505635,4000
Placas,2024,1485.043508654788,0.5379298239781009,0.8614555627452615,0.3880230461062276,0.7302677590381564,1581.622588362497,26.35421519575704,30.52729059900241,17.02268869497323,2788.20374602295,1505650,3000
Redencao,2024,6933.088700718335,0.65350492501271,0.8942562277580078,0.4726230871886125,0.8217817615658348,1487.762660957102,26.78411037553148,31.00641841342797,19.08188404028526,1562.784487961701,1506138,3780
Rio Maria,2024,1011.455328507936,0.6761090476190474,0.8729541666666669,0.4986641071428568,0.7821908333333334,1488.325238323862,26.72154139803232,30.71363854537881,18.91765654182543,1419.77436437945,1506161,4170
Rondon Do Para,2024,36251.62983419627,0.5397132877984555,0.8832647281009273,0.4217901324666415,0.8488680551028553,1345.546049077574,26.46825549812522,30.83133322427515,17.84985669663184,2582.709803747038,1506187,3600
Ruropolis,2024,548.2541119323657,0.5531094871794872,0.8656613333333333,0.3876789597069598,0.6984573333333334,1736.809214337585,26.386638773639,30.61325749278981,16.93578751215542,2752.562651762535,1506195,3200
Santa Maria Das Barreiras,2024,38200.43608314921,0.6470841751095456,0.8874335999426346,0.4643831705904956,0.7869677725715399,1438.260127194547,26.82953354876016,31.25536119417366,19.32005392009982,2188.296652024245,1506583,2760
Santana Do Araguaia,2024,76904.11768528086,0.657768742441108,0.8913423343419509,0.4789608748983442,0.7973326218995516,1331.091906997194,26.79249560589113,31.35645460429437,19.41468474635549,2598.944595756653,1506708,3000
Santarem,2024,76848.4018506996,0.491462754189495,0.8573712498809873,0.356812994194483,0.7119736645545506,1858.15792757317,27.39129626550812,30.67519702601939,17.43151816913955,2475.807927970048,1506807,2820
Sao Felix Do Xingu,2024,9347.778903841305,0.6889618341892088,0.8738731497377447,0.5011176605649525,0.7557456799127915,1563.074982994046,26.1656252215779,30.41135842604311,18.11163024344763,2718.072378618698,1507300,4000
Sapucaia,2024,432.0218581511108,0.6415192063492062,0.8280266666666667,0.4665836507936509,0.6782822222222221,1475.767628130173,26.79944093903502,30.63550007610402,18.61174800742525,1361.300024407398,1507755,4500
Tailandia,2024,11791.63499008759,0.5536608668288531,0.8976372950905427,0.4255904416582426,0.828449481893472,1902.620464851541,26.99101286767316,31.63892056385932,17.45684175005929,3578.750657728268,1507953,3000
Tome-acu,2024,1406.629734706266,0.5907458002645504,0.8543962962962964,0.4314765873015873,0.7286620370370369,2048.14425192744,26.98978520277269,31.50745708362424,17.37668074608337,2848.265567071297,1508001,3600
Tucuma,2024,267.4610723815921,0.6063724867724867,0.8695925925925926,0.4437682539682539,0.7374555555555554,1540.807652737122,26.36543240421305,30.45415407780954,18.26602083647453,1671.697039479374,1508084,3600
Ulianopolis,2024,41424.65030497099,0.5222122567653367,0.8694059388497917,0.396150003141562,0.7738500253976645,1408.253642774193,26.8006234245978,31.14637995487583,17.7155503646752,2654.067608746382,1508126,3120
Uruara,2024,4078.064314615885,0.4691198442038549,0.8094552680221804,0.3489735014523374,0.7031110905730135,1517.87382339017,26.29748551514792,30.50451326856361,16.67594369718033,3194.1382313429,1508159,3000
Xinguara,2024,1349.712127095823,0.6210595877277089,0.8628530201342282,0.456562799616491,0.7650657718120802,1461.631298631083,26.69226486799354,30.57826736681498,18.65088425604568,1414.402948472194,1508407,3615
