municipio,ano,NDVI_mean,NDVI_max,EVI_mean,EVI_max,precip_total,temp_mean,temp_max,srad_mean,etp_total,cod_ibge7,rendimento_kg_ha
Altamira,2001,0.643321452013348,0.8935198716539227,0.4325205790741145,0.6724222750094684,1745.2037336509995,24.149355772163073,28.27020897821419,16.05364730316733,2186.870408955956,1500602,2000.0
Conceicao Do Araguaia,2001,0.6935024248943082,0.8172311152554887,0.44507088615440044,0.5801776060166268,1534.0108592813922,25.443249423613405,29.428889403966984,17.543555554678637,1212.0889038602172,1502707,2611.0
Floresta Do Araguaia,2001,0.6582556111975101,0.8249364543897196,0.42493555383767845,0.5795556975524838,1541.3625849120963,25.262581052228878,29.12440753581002,17.191481212108,1170.8929317647944,1503044,840.0
Paragominas,2001,0.6219694263475455,0.89172969533383,0.41099380795283863,0.6426218886755305,1911.4293062984593,25.417183688204343,29.977968211982926,17.02494125724665,3069.766670655316,1505502,2692.0
Redencao,2001,0.7093552159705477,0.8248276290229087,0.4817555081481631,0.6160313784944198,1550.250578561208,24.807540489306582,28.813098569025232,17.05855037816159,1195.356805633579,1506138,3055.0
Santarem,2001,0.5140699291897951,0.8011047492589423,0.3451471813796601,0.5845367502120125,1708.730674709451,25.409616580762094,28.571126382789085,16.36001385599191,1765.181417853726,1506807,3000.0
Altamira,2002,0.6782715744467611,0.9033069158399931,0.4640546474151302,0.7041772427072199,1591.2167902768917,24.702404124518193,28.866696104734153,16.412842975926818,2340.9253865237065,1500602,2000.0
Belterra,2002,0.48671874921828007,0.726103967000754,0.3312664167400634,0.5499193568385621,1511.647983754252,26.248280420933128,29.00442274959354,16.89072665385075,1398.5945703291968,1501451,3000.0
Conceicao Do Araguaia,2002,0.6964585316554486,0.8206212339412489,0.42357105964013075,0.5637897522748481,1611.137860667004,25.875002018621124,29.88391363824642,17.73093338260309,1256.1367530858633,1502707,2611.0
Dom Eliseu,2002,0.659839591530828,0.8956646892160489,0.42605931118469265,0.6404037084013112,1449.685069082713,25.317665696475178,29.699275009514533,17.02024834940259,2550.902690074851,1502939,2400.0
Paragominas,2002,0.6507916940152716,0.8984371763153091,0.43041947000275915,0.6779695231975631,1810.7130069991003,25.776396911995693,30.383172210780923,17.12558275834734,3019.1500428563713,1505502,2969.0
Redencao,2002,0.7004495468268116,0.8324567563387092,0.4577229584641392,0.6026353316520248,1572.4850483853854,25.317880668507165,29.3419967322928,17.490787982313815,1263.3895307585979,1506138,3000.0
Santarem,2002,0.5631108446298194,0.8095823603902709,0.37311221953425244,0.6020311938082826,1556.738085074297,26.102281111594444,29.32079707114314,16.87374738916381,1991.0580078217374,1506807,3000.0
Ulianopolis,2002,0.6328270145364842,0.8895829420273257,0.41455119695398557,0.6505033584812081,1534.9416858671657,25.641826404150386,30.014968597474216,17.032872566766372,2272.3355921025245,1508126,2950.0
Altamira,2003,0.6439480341313798,0.900498483790386,0.43597451693808914,0.6832756982331987,1513.2380885235734,24.66783503224092,28.73660989476866,16.122611542006272,2365.148276387879,1500602,2000.0
Belterra,2003,0.4617665615338705,0.7165671888371773,0.3333885332411227,0.5707803594240817,1524.1062698022422,26.245218764756487,29.016529843412773,17.10554808829626,1460.5184726776222,1501451,2700.0
Capitao Poco,2003,0.6535351230312828,0.8641328547099587,0.4450363742689095,0.6412655973573768,1767.3987823005368,25.95343800344742,30.460670204236724,16.721020896596105,2159.498718112503,1502301,2700.0
Conceicao Do Araguaia,2003,0.6883821642744482,0.8154713447117823,0.44233972980998837,0.5825259280674069,1437.957060353557,26.151171828275935,30.05820232909838,17.95270320791262,1312.1336959414318,1502707,2611.0
Curua,2003,0.5472602637050287,0.7076035171847148,0.3573449069139873,0.5204741989250675,1681.5107451760553,26.686471227353277,29.88019476322776,17.3864925288376,1666.4619840516984,1502855,3000.0
Dom Eliseu,2003,0.6123378586969677,0.8781119770029064,0.4178669797219831,0.6523363741743999,1717.1181094952676,25.352949593257975,29.643642368266597,16.70160024305186,2622.2910676343217,1502939,3300.0
Floresta Do Araguaia,2003,0.6903467024902364,0.8231606923445721,0.447459705631406,0.5872240051055831,1406.7156804631147,25.981462827859634,29.806771767691078,17.643454918899472,1281.991487894545,1503044,2000.0
Paragominas,2003,0.6198691196111417,0.8899413707359362,0.41385946151989117,0.6520632067166576,1591.4596137597532,25.78016950546941,30.327993095585146,16.797153127930397,3047.864393620901,1505502,2880.0
Redencao,2003,0.7171911445041381,0.8288963509338584,0.4855196445067627,0.6225313797114022,1499.8368542217884,25.548650219641733,29.501579811645513,17.43493914875505,1312.0084318564095,1506138,3000.0
Santana Do Araguaia,2003,0.7515555257303883,0.8507957661061838,0.48305161146564674,0.6181611290481643,1625.9205240760218,25.42337575740747,29.56088638747628,17.620895855071826,1982.979243893832,1506708,3000.0
Santarem,2003,0.5489241127902443,0.807075859615654,0.38004246497182737,0.6175737917175046,1538.9790021571034,26.104496286107867,29.312964878813975,17.048339391212167,2058.2077146344172,1506807,2700.0
Trairao,2003,0.6507841768815138,0.9007809597584289,0.4382597251647473,0.6751287051855723,1570.5891275129613,25.101668344611507,29.309047982213343,16.384527334948572,2287.7712041886907,1508050,2700.0
Ulianopolis,2003,0.6141674404538204,0.8758282524828387,0.41696047795703495,0.6461331634580151,1607.00582725025,25.642654139286797,29.949131930537344,16.81190442072819,2302.9717753960977,1508126,3279.0
Uruara,2003,0.5474103653509894,0.9007949713203942,0.3867280277252972,0.6785909347088526,1376.725825719064,24.934053059254687,28.984993584690482,15.801520932374116,2518.56212609231,1508159,2600.0
Alenquer,2004,0.6689294778954679,0.9018410802775821,0.44502066406386376,0.6757361351893931,1570.766953097442,25.076286439220098,29.4750559913077,16.484522131373353,3420.7874389531617,1500404,2701.0
Monte Alegre,2004,0.6181920656113644,0.8549962427878188,0.41318816918517653,0.6445227212879482,1547.6245368839573,25.244997604267105,29.31276965445573,16.47779581940298,2937.664558125682,1504802,2700.0
Altamira,2004,0.6731055430578854,0.8996824860368768,0.4537502455558269,0.6941009665791318,1916.971030032523,24.51276052472136,28.565823071068735,15.468657718953189,2118.118925840775,1500602,2000.0
Belterra,2004,0.4693373563478774,0.7250265503739953,0.32554798693144826,0.5457968791853685,1833.9699911533507,25.908237695473336,28.64803013604355,15.846643733886802,1218.5533180571804,1501451,2700.0
Capitao Poco,2004,0.6516257639176751,0.8643006203452209,0.43826614407282993,0.6565607160459871,1725.9094753038094,26.035311725827956,30.49491323001324,16.869339955736148,2104.0036620136066,1502301,3600.0
Conceicao Do Araguaia,2004,0.6485427139105004,0.8197028526106639,0.41501122487729797,0.5803538793712867,1736.632433889658,25.899355390658457,29.8862348986461,17.16594744359799,1231.6018758514556,1502707,3000.0
Curua,2004,0.5307514816740867,0.6927274386038195,0.3425111287071777,0.5111199964381452,1820.6842578785363,26.28521148417449,29.319392743859417,16.258354521244833,1363.8351489895024,1502855,3000.0
Dom Eliseu,2004,0.651628481213951,0.8781520840873968,0.4403502307463783,0.6663353749312951,1550.724664618824,25.282319694271116,29.618698889204634,16.81948864884832,2442.401585687865,1502939,3300.0
Floresta Do Araguaia,2004,0.6530615806755692,0.8138418240677278,0.4282834009455332,0.5825648023514803,1639.2386898144757,25.733212180211282,29.58915245145897,16.81904223122198,1186.2659248501363,1503044,2000.0
Maraba,2004,0.6041428475538008,0.8828960741338983,0.41760709946027247,0.6618492358243613,1703.2934594694402,24.94119487338828,28.74586612324973,15.913159908810236,1435.1647057730015,1504208,1400.0
Novo Progresso,2004,0.6961845161535112,0.8923696385256676,0.45358773732698343,0.6660045054422161,1903.6963119102904,24.293528194718473,28.518670550237772,16.255061640230217,2193.745895127447,1505031,1800.0
Paragominas,2004,0.641472255978208,0.8921822094445582,0.42968674068172014,0.6749364210272594,1640.8757990879963,25.721243899551002,30.25216772239471,16.931900754559404,2840.2328923694663,1505502,3000.0
Porto De Moz,2004,0.5150696691645997,0.8235071379230913,0.3438324720015243,0.6077537364677355,1669.5759759598104,25.920484927769806,29.66193014794021,15.493954889169624,2623.84671065253,1505908,2500.0
Redencao,2004,0.6701902900472723,0.8254686201435547,0.4490935596842236,0.6019766946186977,1817.1207669501027,25.28452629768765,29.222676945326413,16.565395290040218,1207.1167321281719,1506138,3000.0
Santana Do Araguaia,2004,0.7080388600323441,0.849079208520342,0.45845115284326843,0.6200081845583426,1831.489038701403,25.22437877299017,29.30058844498571,16.6874124977718,1806.9490241011115,1506708,3000.0
Santarem,2004,0.5429151552124456,0.8024968379873885,0.3661968845920816,0.5953934894571138,1809.9115058384536,25.78777282599942,28.955175821293103,15.81857210037314,1694.1277053161505,1506807,2700.0
Tracuateua,2004,0.6001921692823974,0.8445517512000317,0.3886063828533131,0.6141409445587978,1885.8692619303445,26.013638470996025,29.206264776712313,16.045300332008903,1612.1856691236835,1508035,2220.0
Trairao,2004,0.6763888192590267,0.8936876363587639,0.4530002436596259,0.6704951745887969,1838.6832997276586,24.915871106457068,29.0637472780196,15.562725065089573,2063.3265958641277,1508050,2700.0
Ulianopolis,2004,0.63067857956774,0.8762566404553963,0.43339811338770684,0.6753756248909498,1473.3348004468505,25.567792110360347,29.850358052169447,16.829941533841268,2138.6640129292277,1508126,3064.0
Uruara,2004,0.5759026157617132,0.9002096399864873,0.3995643280877573,0.6873491482361079,1810.133959541639,24.688377644404085,28.718710847332268,14.882026092634474,2076.064411721584,1508159,2400.0
Alenquer,2005,0.6875029840395188,0.8967900005112163,0.44782325569404263,0.6690917903742964,1476.6001933687726,25.533460985731313,30.149224325863877,17.104668875397827,3721.0815859866366,1500404,2700.0
Monte Alegre,2005,0.6438926205215484,0.8499094030235131,0.417472727902266,0.6432887813303976,1373.4532608918369,25.742800744726484,30.057425427839384,17.208950289488712,3254.025202846506,1504802,2700.0
Altamira,2005,0.6806270753558585,0.9021385652755204,0.4480881829333724,0.6709390019489346,1654.24951773856,24.928875103306467,29.054494313257614,16.192593035651317,2371.390557858141,1500602,2000.0
Belterra,2005,0.4998347066568933,0.7194696848650364,0.3359661307827418,0.5415151062115279,1539.2156190951098,26.46379328505348,29.276391192740732,16.426443483430162,1339.4396448759014,1501451,2700.0
Capanema,2005,0.6340181805535395,0.8640972226052727,0.43380216525199533,0.6687087506984506,1683.286425041928,26.37753067543128,30.348492646701708,17.102694554272187,1530.6246884413365,1502202,2400.0
Capitao Poco,2005,0.6536554558391119,0.8704959014236887,0.4355244888706969,0.6524505398179165,1743.7633768911992,26.563438402701877,31.221391540067852,17.635375139127014,2422.6179157292877,1502301,2400.0
Conceicao Do Araguaia,2005,0.6994067899710733,0.8110350118635332,0.44976270764547427,0.5752322263060803,1605.8546562415033,26.10297067869178,30.11678150031963,17.51158562106067,1274.2224150084933,1502707,3000.0
Curua,2005,0.5048097476527967,0.6662509104914747,0.32002857464597784,0.4752580145428586,1804.305503762891,26.774337597002695,29.936275664642427,16.91508014649285,1551.4199899735947,1502855,3000.0
Dom Eliseu,2005,0.6707447530488609,0.8761094132536654,0.44404410761072627,0.6516413987294721,1492.447692069018,25.854887223610667,30.267965979358664,17.48125402822615,2913.6976347312693,1502939,3300.0
Floresta Do Araguaia,2005,0.6729686406420013,0.8037650617450063,0.4395771999626487,0.5691979124803618,1529.7916326253244,26.006931967678554,29.910972883110425,17.33300093046627,1244.6457182222034,1503044,3000.0
Novo Progresso,2005,0.7283687433948797,0.8898893330258205,0.46661253668759395,0.6478871234494517,1956.5178848199923,24.58844402267612,28.855122934289735,16.80719449487408,2348.668951641635,1505031,2500.0
Paragominas,2005,0.663659061713765,0.8877148141798833,0.4425306661111704,0.6607494391245982,1513.6727059240156,26.395200548339655,31.100841813853158,17.627601670367795,3484.4526216555746,1505502,3000.0
Redencao,2005,0.7094493857112121,0.8286003232796579,0.4818860206769576,0.6093040329938553,1503.6039448858428,25.4351831523158,29.438986151670115,16.973168878140584,1247.73839952863,1506138,3000.0
Santa Maria Das Barreiras,2005,0.7127632079787599,0.8279949331818457,0.47084875947112537,0.6029414760313282,1633.6857547472944,25.401293107887994,29.45889104944031,16.997621882857107,1611.0093954229126,1506583,3000.0
Santana Do Araguaia,2005,0.7237034691273636,0.8454859976414744,0.4732088742566583,0.6237340824208597,1719.4720118410514,25.3286731147754,29.401014314990398,17.01650784479313,1843.1245511157783,1506708,3300.0
Santarem,2005,0.5664278773630415,0.7987681151126667,0.37873326949458974,0.5994726761437931,1667.281924706572,26.29740610484785,29.57287198836311,16.468464624904186,1918.5778371945075,1506807,3000.0
Tracuateua,2005,0.6127190394187325,0.8401262041058359,0.4057137262391345,0.6278805879454329,1674.2585392120443,26.419782442979766,29.798397020951892,16.843464768480064,1785.011042668501,1508035,2400.0
Trairao,2005,0.7014828463689262,0.9023782287849719,0.45648266845325797,0.669252300216235,1518.4336408071777,25.29631076336765,29.436213248416866,16.007593804275345,2176.1397388321143,1508050,2700.0
Ulianopolis,2005,0.6408198704515948,0.8738233320259102,0.4294788012179556,0.647545376512483,1439.9370890213565,26.222634285879256,30.632199535742686,17.56264741334026,2580.782927144241,1508126,3290.0
Uruara,2005,0.6344287030992323,0.9046490299604523,0.4348549867752788,0.6936450101489339,1512.5140740714874,25.31020805908941,29.564323295651878,15.8670513353438,2563.355358392278,1508159,1680.0
Alenquer,2006,0.6732166553127129,0.9015999288940175,0.4508987027403274,0.6820001699066055,1928.1050359721958,24.48398857847628,28.70351886010833,15.525450151102103,2814.8386392319294,1500404,2700.0
Altamira,2006,0.6344890816258463,0.8931820779445542,0.4228595788341276,0.6646323864380449,2080.4397344897566,24.250309740965978,28.218263876223816,14.92186441862854,1993.6639273546216,1500602,2000.0
Belterra,2006,0.45705459993396413,0.718515872103364,0.31826075826978806,0.555477958249932,2265.468236321994,25.585653257133494,28.258205065755455,14.72631649860985,1128.7876618244404,1501451,2400.0
Capanema,2006,0.6683524607232525,0.8666672161966315,0.45547991197838616,0.6810446114843692,1837.3715542152984,25.833863723532648,29.566709969496525,15.82741136062471,1336.0816484195025,1502202,2400.0
Capitao Poco,2006,0.67028121561718,0.86688550768406,0.4492812458697471,0.6589938509615855,2028.2848937627073,25.8518742236555,30.177311914468596,16.096373019237085,1968.9963223693383,1502301,2800.0
Conceicao Do Araguaia,2006,0.6679987949272187,0.8190421668004876,0.439925083297632,0.6025090917766927,1691.970935812552,25.66073285561801,29.56829344032149,16.681008236213316,1171.5987232648054,1502707,3000.0
Dom Eliseu,2006,0.6434337309505136,0.8752171631787546,0.42254442155876787,0.6421420353732302,2077.5202584726717,25.053290090051682,29.22300479294945,15.749423728285235,2312.082971427085,1502939,3300.0
Floresta Do Araguaia,2006,0.6643102100701966,0.8231688915477496,0.43657225640069597,0.5974623359506119,1714.1932857630604,25.556608340505537,29.352551102305586,16.523987091651385,1154.8232631665658,1503044,3000.0
Maraba,2006,0.5971521419467831,0.8794417494580549,0.4198166825258097,0.6746020155662662,1874.6097395765316,24.747073612887895,28.51026140745926,15.302502669418196,1396.9998037877865,1504208,2000.0
Medicilandia,2006,0.5537316617908613,0.8997025523141237,0.3841960866093582,0.6791029719637423,2345.894135083804,24.748230628548185,28.65951650732637,14.172113002239406,1901.3623001737092,1504455,3000.0
Novo Progresso,2006,0.7030433739935341,0.8865856605402304,0.4508374036985099,0.6454133008325068,2134.6546024963886,23.9940609620658,28.078550573209885,15.607683503203893,2039.8999209046442,1505031,2720.0
Paragominas,2006,0.6325413077469345,0.8847974118101699,0.41892513303947776,0.6623219007178015,1935.4904730222906,25.47459994809458,29.82771027945073,15.955872191467092,2673.624435440125,1505502,3000.0
Placas,2006,0.6077697299836101,0.9039548077896408,0.40958085091210644,0.6633207638939395,1910.4025710275587,24.41664825747408,28.325400857848717,14.218970092335432,1723.9169740474522,1505650,3000.0
Redencao,2006,0.6991928932168269,0.8370488375129973,0.48035425790872427,0.6312042321524697,1799.4938770573508,25.06075421435851,28.943669327974714,16.38812790546036,1165.911770052466,1506138,2400.0
Santa Maria Das Barreiras,2006,0.6742201332477056,0.8325081717609067,0.4534813660701457,0.6160844506764891,1774.7784339630132,25.000258942404596,28.930293984400365,16.41457783759039,1480.0376266505434,1506583,3000.0
Santana Do Araguaia,2006,0.6825766281888779,0.8452077567870264,0.45641492021432084,0.6231893394420058,1762.750278136178,24.969380452094686,28.949369490701294,16.46671281752062,1706.5787323271763,1506708,3300.0
Santarem,2006,0.5454384671389757,0.8100323356971956,0.37108522809648437,0.6162783418657172,2239.19176004396,25.42683658313709,28.52887367325878,14.680825902144624,1564.777388829883,1506807,3000.0
Trairao,2006,0.6221287324206514,0.8843883175164299,0.41421016994985194,0.6632523706724994,2069.819836579039,24.575122111842532,28.55193380896237,14.668963518356515,1874.2583626958049,1508050,2700.0
Ulianopolis,2006,0.6088497620042301,0.863681270492169,0.40510038024150063,0.640251336385136,1856.8599173878044,25.367431462859045,29.511269621575988,15.893182724180662,2046.4944005650987,1508126,2911.0
Uruara,2006,0.5726419157250388,0.8960488233929572,0.3974817080262919,0.6705587889183701,2127.8599584867898,24.424364735173018,28.346677411305976,14.119619418584504,1986.1926224047265,1508159,2600.0
Altamira,2007,0.6751343498563848,0.8989637038219912,0.4579776227469304,0.696238404806915,1708.4246928967832,24.75247853927396,28.879859653211593,16.328119890166167,2372.294972068091,1500602,2000.0
Belterra,2007,0.4574098906361171,0.7174143034722572,0.3224197128678516,0.5548627256778623,1573.4370333704487,26.070340774260544,28.771923417608004,16.301660843289344,1287.2329956794172,1501451,2700.0
Braganca,2007,0.6490414893326995,0.8756416482685825,0.43479509918002,0.6641768419273708,1648.5058751906497,25.984833243064077,29.780188991710773,17.05807066651909,2606.9390131692644,1501709,2347.0
Capitao Poco,2007,0.6563796591753586,0.869831506061329,0.4472668601241238,0.6610906488496957,1914.13645783318,26.383044528922174,30.953713274204098,17.097893993938786,2321.5351395504786,1502301,2400.0
Conceicao Do Araguaia,2007,0.6915177310112655,0.8201434482587147,0.44976313859358535,0.5903486808202109,1355.8362904575956,26.167435017242312,30.242200682611653,18.377064578684326,1342.2854669353799,1502707,3000.0
Dom Eliseu,2007,0.6431178339574382,0.8726252759609988,0.4424539571777383,0.6571416949160799,1405.707812709318,25.54139831938261,29.831397019839926,16.903659313632588,2652.301460047027,1502939,3300.0
Floresta Do Araguaia,2007,0.6826665509062437,0.8312481841471759,0.4511776660432249,0.5925452736574683,1348.6262699784027,25.967429645691688,29.868914167025096,18.011272572378612,1285.6021617896529,1503044,3000.0
Novo Progresso,2007,0.7218538422412667,0.8954412238055078,0.4679679244370776,0.6672674277186211,1873.7243393680358,24.46123200352611,28.73414268004918,16.87111538880798,2392.9355278521175,1505031,3000.0
Ourilandia Do Norte,2007,0.7695616106258978,0.9011177876864889,0.5242955325720748,0.6976099496655916,1450.996149135704,24.516035108332723,28.512233010699955,17.326672755625946,1504.4887971570797,1505437,2880.0
Paragominas,2007,0.6355291831129032,0.8912017033080813,0.4280041854731028,0.6649203113507244,1643.8305609419917,26.04643351755715,30.57212377225002,16.99564269069348,3150.682580982886,1505502,3500.0
Pau D'arco,2007,0.7221944805560967,0.8525494618500171,0.49089795639281186,0.6337403088809358,1401.3711183883295,25.54409947646652,29.463283984006125,17.936897968923763,1240.2784811982663,1505551,3000.0
Redencao,2007,0.7162702174937216,0.8383844251126306,0.4993565664625939,0.6382046019239302,1348.3974695864595,25.550296311210342,29.631247926153605,18.038893211157948,1336.4808242203153,1506138,2400.0
Santa Maria Das Barreiras,2007,0.718793393579866,0.8321516858834688,0.4815012497430937,0.6112129033841426,1325.784962486358,25.537817386549214,29.766248692868718,18.15537924674701,1772.117136001517,1506583,3000.0
Santana Do Araguaia,2007,0.737254934510797,0.83909651069898,0.49390642235696225,0.6261999202457449,1283.0970389492015,25.505975433908894,29.775682367736373,18.230435945789793,2067.165995700204,1506708,3300.0
Santarem,2007,0.5447310200850753,0.8100784517429521,0.37173928723514377,0.6171295512453081,1703.6800752274214,25.95837493309662,29.10969907799895,16.315753642325873,1832.4813809526188,1506807,2400.0
Ulianopolis,2007,0.6312715494232706,0.8694771820612465,0.42593328555982596,0.6457818446785011,1269.9125996315065,25.91750104622457,30.262273815710923,17.037292118357925,2409.1647751124815,1508126,2990.0
Uruara,2007,0.5621464548257746,0.8994555033966525,0.3933499460992669,0.6841706030245202,1425.6564788750093,24.898333160874213,28.851198718654253,15.378000431872167,2323.4719928433415,1508159,2312.0
Agua Azul Do Norte,2008,0.6848754085413377,0.8764961994320477,0.48464186359260725,0.6907489321912534,1775.6217451106975,24.253208573479036,28.07600151811441,16.46308318634226,1131.214950450705,1500347,3625.0
Altamira,2008,0.6204652921346816,0.8914831872777563,0.41972237107748367,0.6686463380731282,1790.8971671292757,24.19153214366207,28.248568379318485,15.505347948733533,2150.529543590397,1500602,2700.0
Belterra,2008,0.44667887725428584,0.7118123782419269,0.3120829335969916,0.5458773545479341,2059.7987716802363,25.447661075002422,28.089781438324742,15.323427334630036,1167.961943112179,1501451,2700.0
Capitao Poco,2008,0.6495174488342101,0.8693183206875693,0.4432051036984845,0.6544508832373833,2178.503762030005,25.672928842570432,30.156600181823052,16.421716516411596,2074.755018539957,1502301,2400.0
Conceicao Do Araguaia,2008,0.676940408970145,0.8187786943164478,0.44511181646827186,0.5909341828325733,1734.758259862517,25.629368442360622,29.609828048735153,17.51843956793683,1242.708536370863,1502707,3000.0
Dom Eliseu,2008,0.6122149388411653,0.8707719205014578,0.4129034687090117,0.6614256232233454,2052.8119086954584,25.054896568270554,29.39336902396722,16.447630428427836,2563.857481729462,1502939,2880.0
Floresta Do Araguaia,2008,0.6648208854173957,0.8103172415492323,0.4450013567528386,0.5948722021499016,1672.5508989845312,25.456976167790494,29.271963855328078,17.090105832803285,1198.6410258698004,1503044,3000.0
Novo Progresso,2008,0.6532646085019808,0.8825192959983286,0.43148777188455834,0.6571950679186745,1883.9164288459192,23.928477525922,28.148454269583883,16.146578395513995,2164.3715483416436,1505031,3000.0
Paragominas,2008,0.634783241898496,0.8878777047505492,0.41410238735207394,0.6589974930975258,2009.3277972423123,25.448724727932092,29.951938852732734,16.58003738983411,2943.9065001812423,1505502,3000.0
Pau D'arco,2008,0.6937720424735637,0.8372982424843598,0.47875116891813563,0.6290496507412107,1783.479909298663,24.997379503594317,28.845360713391713,16.849732738305278,1140.4912536668505,1505551,2700.0
Placas,2008,0.5736467660356358,0.8975834462513269,0.38306520892315615,0.647305987733711,1981.0496009195788,24.27738737279495,28.306236652745625,14.830272506681634,1811.7853070910567,1505650,2700.0
Redencao,2008,0.7099216864778786,0.8343858570193097,0.4976738455446892,0.6428886672596184,1727.0252070878125,25.00629974838813,28.986981087937544,16.985827161640426,1228.480030911973,1506138,2400.0
Rondon Do Para,2008,0.6253255801068702,0.8715499089381652,0.42327087772091954,0.6550926849821999,2168.408268309948,24.958955541812518,29.101092172590263,16.263231687404403,2091.0724978668895,1506187,3000.0
Ruropolis,2008,0.624043538696847,0.898230136500217,0.4037257340283104,0.6439118529652144,1942.4078153607215,24.215194331942005,28.18922087958052,14.766161549799369,1670.246821213486,1506195,2700.0
Santa Maria Das Barreiras,2008,0.7029817209303962,0.8267560435943975,0.46998839576220136,0.6140052554360736,1638.516815267706,25.00926120251292,29.084839769639103,17.14911715644529,1597.6301077214027,1506583,3000.0
Santana Do Araguaia,2008,0.7304866305109958,0.8362061790235893,0.4794213703676842,0.6225138011515704,1562.3778472397614,24.99534152408892,29.12173739696518,17.293370822790248,1865.9072453349165,1506708,3300.0
Santarem,2008,0.5213698681926922,0.7924738551068337,0.35779169399526295,0.6009564327593483,2177.2615264903684,25.325369099187345,28.459059898983487,15.343812926603178,1636.4900244676094,1506807,2700.0
Ulianopolis,2008,0.5909696361849276,0.8531518526574565,0.3833972283562853,0.624798436871896,1964.7099070983277,25.33800591120923,29.63391934792443,16.538968672521875,2241.702881681904,1508126,2900.0
Uruara,2008,0.5369965375890994,0.8825847676202158,0.3743045168502906,0.6546485005268031,1949.7401633841018,24.33092020909853,28.3869624155575,14.700972703003023,2144.5456506657843,1508159,2400.0
Altamira,2009,0.6405695610251655,0.8891490153206816,0.4380030451402238,0.6902217734601052,1950.0624182867261,24.308766344685026,28.26343360716365,15.134815917129929,2004.07683191386,1500602,2700.0
Belterra,2009,0.4468696177866187,0.7014977894588397,0.31699826671349723,0.5471272967360383,2184.9080274337275,25.700779435412166,28.31327428380867,15.302058482783249,1137.8137682167035,1501451,2700.0
Capitao Poco,2009,0.650445061968526,0.8727659113833929,0.4402701255415082,0.6552943607139321,2239.706471187334,25.84332890628276,30.199143849514517,15.817840162803904,2022.112178604782,1502301,2400.0
Dom Eliseu,2009,0.6062513723225316,0.8794003808922747,0.4175332419872758,0.6664760860886114,2358.5468248846737,25.150088749237543,29.372796469516636,15.996317661545078,2451.6408480163436,1502939,3000.0
Floresta Do Araguaia,2009,0.6448713428347266,0.8261096767376346,0.4348286391065383,0.6038465227795519,1848.0007882931686,25.454149045042566,29.26718362293097,16.500051438737454,1136.1527074307987,1503044,3000.0
Novo Progresso,2009,0.6730814213518277,0.8837301817802918,0.4536860733944405,0.687713598426223,1958.465657711796,24.02811493554287,28.110485750803633,15.810448373515547,1997.8498401473723,1505031,3000.0
Paragominas,2009,0.6091811985296155,0.8847776845999193,0.41291948245952104,0.6708987784288555,2447.136628160475,25.540691191171486,29.864765783556383,15.932546248519046,2800.9831110887694,1505502,3000.0
Pau D'arco,2009,0.687303202362408,0.8480025404052972,0.4696187383018111,0.6283022521364537,2011.5326796397826,24.97792603404794,28.77424471897876,16.307391814098754,1074.0125501681468,1505551,3000.0
Placas,2009,0.5782287794667275,0.8954151566139448,0.3847998032604077,0.6600224191219515,2109.1890892288257,24.540969710197892,28.495779908810277,15.005787821227933,1775.5413431590725,1505650,2700.0
Redencao,2009,0.6950122770559135,0.8460183903740062,0.484174591964467,0.6390093496036777,1944.9461927175244,24.99283988655897,28.87977622668169,16.41274014988165,1152.2140459477466,1506138,2400.0
Rondon Do Para,2009,0.6360069081157436,0.8801525269614315,0.4310630124535196,0.6547997923909182,2414.0573618175267,25.010593529410592,29.154265356436078,15.95867932626134,1949.6354564443766,1506187,3000.0
Ruropolis,2009,0.6160838718667209,0.8911604990432908,0.41566564843903864,0.6825504879143311,2010.7253289528785,24.458250943951146,28.36706423004615,14.86229730816496,1631.939217149984,1506195,2700.0
Santa Maria Das Barreiras,2009,0.6926160006942487,0.8334989087251663,0.47223767856665444,0.6157154095824272,1834.5380236109067,24.94328605981344,28.884395955278592,16.438570874731074,1454.1046249019666,1506583,3000.0
Santana Do Araguaia,2009,0.7139544484510615,0.839464356747581,0.47906801227811896,0.6227562942037841,1720.5504904979985,24.843437413294104,28.74952017147326,16.19675950868742,1609.8412064371737,1506708,3300.0
Santarem,2009,0.5162459037577999,0.7894873514215143,0.35237179635269716,0.599179996375702,2191.2180480068273,25.536423391868542,28.613503531131553,15.255460473155305,1561.252820668069,1506807,2700.0
Ulianopolis,2009,0.5791138589431095,0.8601311460932816,0.40156918979751577,0.6535927675494613,2390.434344915218,25.470499262715258,29.63473174719674,16.018591754640322,2184.031447746659,1508126,3000.0
Uruara,2009,0.5664134125097838,0.8947739635304796,0.39242984788021157,0.6754158114951934,2148.219718896778,24.55521967369322,28.554714963341073,14.656675181748236,2063.106454637593,1508159,2701.0
Altamira,2010,0.6658693777727591,0.8971027200821625,0.45541000633512924,0.6894711327453524,1510.7184099090946,25.38873597697393,29.595380897567377,16.65768725464582,2566.88102590247,1500602,2700.0
Belterra,2010,0.4807954777588422,0.715916026370222,0.3455621311495384,0.566506222377144,1295.2004584029823,27.00206402402145,29.81872117167075,17.43468860790577,1562.1701292444955,1501451,2700.0
Conceicao Do Araguaia,2010,0.7079603542077942,0.8123656110953993,0.45989539886302994,0.5825662702397598,1353.5733988440597,26.671854986884387,30.77466776270823,18.178216126605044,1349.5376873450448,1502707,3000.0
Dom Eliseu,2010,0.6481063113171761,0.8783873301806324,0.4461213042266923,0.6708957102481818,1278.0903481530945,26.38323989496214,30.798808327090224,18.007334211532246,3166.4528344355494,1502939,2950.0
Floresta Do Araguaia,2010,0.687290743226398,0.8203592047377326,0.4493310018095185,0.588007021779327,1408.6726116017317,26.482013764681295,30.40020337156142,18.022700109270737,1310.3887346202537,1503044,3000.0
Paragominas,2010,0.6486035924820154,0.8863171503653446,0.4418784306531882,0.6749772301979354,1346.204194453813,26.804930121302956,31.408187518745965,17.841742702239298,3639.1779588488444,1505502,2700.0
Pau D'arco,2010,0.7190482269321943,0.8487180392894913,0.4766704509050121,0.6288824857757519,1513.8893592452946,25.977988306386784,29.89081067283221,17.701327219348073,1236.88954575126,1505551,3000.0
Placas,2010,0.6218335489987135,0.9053595845661115,0.4329838682141685,0.701919086156828,1302.9207665241183,25.7679368856198,29.920769202173176,16.66508565461894,2445.8117470988814,1505650,2700.0
Redencao,2010,0.7177563785433766,0.8324144312512199,0.4918818737358511,0.6317263647023115,1438.1489163208078,26.015262372416,30.10585731059569,17.77981352635765,1342.9182673867451,1506138,2500.0
Rondon Do Para,2010,0.6896427277207037,0.8740834036968032,0.4739759942211071,0.6619434296051555,1469.7192470885411,26.257932324431305,30.59112566597492,17.95217179841061,2554.593116370717,1506187,2750.0
Ruropolis,2010,0.655951704364326,0.9015440457534145,0.4583895962668718,0.7088803583346198,1383.3922931530635,25.755447504820026,29.92636177991634,16.47776096428958,2333.8013996219343,1506195,2700.0
Santa Maria Das Barreiras,2010,0.7156386750007925,0.8197840569626939,0.47045057529795953,0.5919203945468015,1390.6804828681813,26.044363359298618,30.284205102086553,17.995096303884107,1814.3002842564772,1506583,3000.0
Santana Do Araguaia,2010,0.7391575847118856,0.8334250183950578,0.4813166962711946,0.604070634988705,1460.6250555745967,26.01314604449231,30.31074949609367,18.059213039465224,2144.006384834462,1506708,3354.0
Santarem,2010,0.5657894346353061,0.8007793374773526,0.39563450555495777,0.6194322266310338,1294.4491150791623,26.91232276686971,30.193097354069824,17.50134867328313,2333.9169870493897,1506807,2700.0
Tailandia,2010,0.6644539358248217,0.8833725401882743,0.44779454391160994,0.6578294194252207,1671.7375323346446,27.120195973504504,31.831882845497535,18.170691099939255,4036.566699135753,1507953,3416.0
Ulianopolis,2010,0.644901443236554,0.8752194680164966,0.4490836705709186,0.6689120492293931,1199.6801683873884,26.633617885042824,31.033058558801507,17.874472028611237,2703.459087409731,1508126,3296.0
Uruara,2010,0.5729111714490414,0.8968339788524803,0.40711792786214296,0.6926028572551793,1460.6812737584032,25.747231105627094,29.901404621922723,16.442181743674485,2849.7018998058657,1508159,2400.0
Altamira,2011,0.6815592405517141,0.9045234368992842,0.4614117240069246,0.6959843649989398,1920.9802206048157,24.38674231757898,28.381662095042305,15.536210893768223,2170.928906775596,1500602,2700.0
Belterra,2011,0.49095834641532554,0.7339609683111987,0.345794637726335,0.5677200458144843,2063.424467751947,25.536548042447667,28.180148001621557,14.893786818897174,1099.9514523648181,1501451,2700.0
Conceicao Do Araguaia,2011,0.6687876371961968,0.8184110689326902,0.44409355048322036,0.6167762807191008,1640.7503561881547,25.684546073699433,29.62956749104124,17.154188569029664,1212.7422145316523,1502707,3300.0
Dom Eliseu,2011,0.636132082674019,0.8801971754069123,0.4542726899806727,0.6850509551820718,2191.4206581584635,25.057427146348054,29.31310913073136,16.3679308320087,2341.36910450725,1502939,3000.0
Floresta Do Araguaia,2011,0.6614585116754435,0.8200389387975038,0.44447026923254507,0.6122756001721484,1738.378813802394,25.53699257048529,29.3787784615118,16.877704377869915,1180.5481902371062,1503044,3000.0
Paragominas,2011,0.6453021910602547,0.8915288730855704,0.44757826941807605,0.6876087623360575,2122.1791765103007,25.420138808581523,29.804366068391253,16.228537379802926,2628.882875015556,1505502,3200.0
Placas,2011,0.6088239714183185,0.8960063488052367,0.4309497806994238,0.689840061209702,2057.0385009779116,24.52606144487749,28.488348991398023,15.119088871605816,1850.1812961612154,1505650,2700.0
Redencao,2011,0.7127297083548335,0.8392843670057695,0.49638554017979564,0.6518214433010534,1869.0986114532793,25.063360687874578,29.00160939968161,16.732930971934692,1193.3453217480894,1506138,2500.0
Rondon Do Para,2011,0.6449579504857982,0.8714626859282115,0.4640479819703183,0.6821761731286946,2163.2764590013808,24.980821758277894,29.084606970899216,16.374458931489052,1935.0468679772239,1506187,3000.0
Ruropolis,2011,0.6289462217620738,0.8988030643262837,0.43170365516337983,0.677507388528622,2103.3310805855226,24.467007100986653,28.34653963767899,14.91115699424687,1712.2908042959966,1506195,2700.0
Santa Maria Das Barreiras,2011,0.6975626033614436,0.8230714017222154,0.46902236972488887,0.6211057046132915,1791.4541120173817,25.03871788585514,29.04792607890761,16.78000051991407,1525.7027802133362,1506583,2749.0
Santana Do Araguaia,2011,0.7105453365207673,0.8274000090889471,0.47771326434349026,0.6324462935687609,1780.1226478953752,24.982675565400225,29.047032324588763,16.752965511650604,1762.5602386676942,1506708,3300.0
Santarem,2011,0.5669450407075796,0.8194495375981536,0.3869238664104225,0.6242922666674007,2092.079280372754,25.435572153015226,28.523592910114935,15.008520725199311,1551.5444542074279,1506807,2700.0
Tailandia,2011,0.644556437821145,0.8863999244079801,0.45010709975546187,0.6850243796059806,2529.4426282024774,25.66590290240578,30.120372337296214,16.21756947106625,2819.804467468915,1507953,3100.0
Ulianopolis,2011,0.6349499068079643,0.8740025220705171,0.44410448123965207,0.6696019432795678,2018.9134805508008,25.30587932029621,29.52270433497495,16.360224701696268,2032.8191227040566,1508126,3000.0
Uruara,2011,0.6188934061141064,0.9064272821815779,0.4345873729144477,0.7036714673979962,2068.1755887467675,24.511528132385315,28.485632532072344,14.682715954025177,2106.193290570448,1508159,2785.0
Altamira,2012,0.6692814246726709,0.8955037960587757,0.4596829922937162,0.7029349912550258,1698.0029684762944,24.472797070421866,28.573522217471453,16.103198729683317,2271.784077997552,1500602,2700.0
Belterra,2012,0.46306807756990076,0.711474821765185,0.3385560247287465,0.5825754189418281,1586.8802318410624,25.920821097261843,28.6644497972304,16.621209224787783,1304.2659956960938,1501451,2700.0
Conceicao Do Araguaia,2012,0.6972858560592553,0.810610577586771,0.4553309625884057,0.5875640632933375,1517.40472835639,25.70882420675062,29.814876987520766,17.847886036398144,1254.4026913851726,1502707,3300.0
Cumaru Do Norte,2012,0.7393989310092624,0.8621653107909425,0.518528807413826,0.6742368248200944,1745.6915338142214,24.136539670389112,28.386116749439072,17.180455558992737,1791.6457258787248,1502764,2250.0
Dom Eliseu,2012,0.6186884666358702,0.8761450161540214,0.4295869833291396,0.6648192738445788,1327.6923954231154,25.325475932860886,29.715855079571078,17.516987334493,2721.325387435829,1502939,3300.0
Floresta Do Araguaia,2012,0.6744377071781729,0.8128648677203019,0.4519212517479927,0.5924232192568126,1450.9600048955654,25.578093536796942,29.543219991789964,17.666492398820367,1224.0308390329615,1503044,3000.0
Novo Progresso,2012,0.7226001433057806,0.8909332280697735,0.47386740941832484,0.6789904453576543,1926.1396795529602,24.06203131236548,28.2837733532713,16.42441564964942,2200.077325009336,1505031,3000.0
Paragominas,2012,0.6555759100751848,0.8931731630144547,0.44226795940725605,0.6787051699657396,1343.493667395938,25.84703960021004,30.50038698057367,17.878656745515762,3252.753823921606,1505502,3500.0
Placas,2012,0.5850491607209617,0.900455681507133,0.4078942743801006,0.6981152894234394,1400.5316189120776,24.790022870929025,28.844466674187917,16.00119416184353,2077.3248502818406,1505650,2700.0
Redencao,2012,0.7233282562843464,0.8292401798506379,0.5084685924747219,0.6436285920958964,1718.0161495494062,25.11078014517187,29.19079052386788,17.330437449818675,1238.30734721142,1506138,2500.0
Rondon Do Para,2012,0.6109196008559934,0.8701062971946274,0.42133238128919354,0.6485240335054971,1652.1859698152302,25.269062305180636,29.535221300269104,17.487355718328406,2237.2772888451022,1506187,3000.0
Ruropolis,2012,0.6361302985395323,0.8997348390696362,0.43664139427429677,0.6976299185847323,1524.570099756112,24.659342073069087,28.680649792740713,15.709038780093682,1890.3691623307475,1506195,2700.0
Santa Maria Das Barreiras,2012,0.7052512719850642,0.8068691030064625,0.4845681905137363,0.6093295562395422,1667.1553905722615,25.04430000332138,29.22669081947464,17.417622979749915,1582.7033229178373,1506583,2740.0
Santana Do Araguaia,2012,0.7206154025090749,0.8148906054799062,0.49119468841745767,0.6208977876108656,1643.3107063875598,24.989397151772362,29.225774622529322,17.430048349656268,1818.7263335389614,1506708,3300.0
Santarem,2012,0.5335831097389446,0.8006553477722108,0.3719846340787863,0.6250599774040972,1565.2392922450347,25.781800745458437,28.978980387643517,16.507233052983015,1844.6974268414322,1506807,2700.0
Tailandia,2012,0.6810978272700031,0.8877146780749539,0.4535482114637921,0.6630117937088692,1830.5406911719872,26.177218544153902,30.916482537531476,18.133389421885834,3624.1997544927535,1507953,3600.0
Ulianopolis,2012,0.6338213198358952,0.8758513418695529,0.43303724271746763,0.6600263825903396,1165.4988046955873,25.6210550695542,29.983196354167443,17.67739478365046,2378.156699250329,1508126,2943.0
Uruara,2012,0.5575971793793773,0.8931944303152138,0.3956267740841284,0.6889912982904288,1357.6015206315342,24.824785400804362,28.874524983404743,15.773353135097668,2436.0319961518953,1508159,3120.0
Altamira,2013,0.6581256205083372,0.8964961577063958,0.45595570005414937,0.7050041879452785,2139.1569777796753,24.84072574665856,28.93432205734405,15.927030291270354,2333.503530501421,1500602,2700.0
Belterra,2013,0.44902657379981553,0.709619140548424,0.3235754746799969,0.5650914464412541,2074.702461449155,26.343743566401315,29.037920101150494,16.05304648426284,1353.4248337909546,1501451,2700.0
Conceicao Do Araguaia,2013,0.6961880859404236,0.8174295740239333,0.4607910660023381,0.6029339093351745,1488.0481145996844,26.087427253811853,30.097048014109145,17.63412271616449,1246.209761049862,1502707,3300.0
Cumaru Do Norte,2013,0.7556170253696914,0.8717906358447666,0.5132725237449876,0.6695704546316151,1760.4516296468003,24.571059063375923,28.75459255398397,17.132597742566055,1825.6739885834284,1502764,3000.0
Dom Eliseu,2013,0.6327473975637729,0.894939371797779,0.43886276408777425,0.6858682556247931,1766.391933471675,25.579648718789045,29.817097826999916,16.75728180814841,2585.0347494377556,1502939,750.0
Floresta Do Araguaia,2013,0.7073506572751997,0.819675594403483,0.47375943328741116,0.6059949437502904,1471.3600406652308,25.91725918773432,29.775400232175794,17.286112643115935,1206.8564161123593,1503044,3000.0
Maraba,2013,0.5978153025822928,0.8829694528869179,0.42178743495389037,0.6677114817822498,1668.3547635238122,25.088876393662357,28.8182071102539,15.762435336314379,1476.0720507994308,1504208,2700.0
Novo Progresso,2013,0.6984968795936892,0.8816898193384457,0.4692606628956819,0.6746837490914135,2215.735071739447,24.4905603471754,28.65765067303949,16.26337349144562,2243.6262922154774,1505031,3000.0
Paragominas,2013,0.6339847628924431,0.8975319843408232,0.4350104593618095,0.6864616291312928,1784.8153283393426,26.062204510683173,30.54298693446109,16.84918968794286,3017.207842949093,1505502,2900.0
Parauapebas,2013,0.6933852744567992,0.9153562071734297,0.47026342220765593,0.6952405530392838,1534.3768038547842,24.446964397361103,28.1905597311823,16.072919157682616,1513.5033355331307,1505536,2700.0
Placas,2013,0.6025607701286895,0.8929350762350416,0.4322989537311323,0.7064080163137284,2084.810375085373,25.126530332512793,29.111320780126047,15.631901847521704,2128.4284459613878,1505650,2700.0
Redencao,2013,0.7279217552362994,0.8447062175970743,0.5064040767641242,0.6494656384454884,1579.0732240450002,25.525485148425354,29.504422167580884,17.364632720062374,1247.6157103073238,1506138,2500.0
Rondon Do Para,2013,0.6505400299754117,0.8863893710978433,0.4422358357732493,0.6668007866077719,1978.2158041656498,25.48196134591031,29.592290228724238,16.56694379677142,2102.546213840574,1506187,3000.0
Ruropolis,2013,0.6636050908879458,0.9030368100862128,0.4647840585306446,0.7087444488654966,2101.49059208776,25.08833410430754,29.1978602340738,15.723667673046311,2034.2693349193396,1506195,2700.0
Santa Maria Das Barreiras,2013,0.7216583276444872,0.827305484029982,0.4777432925960527,0.605940173344466,1596.701968649049,25.524070684874474,29.611040375858554,17.506770964821,1628.0134831113976,1506583,3109.0
Santana Do Araguaia,2013,0.7344744409985043,0.8320843663705986,0.48838165168897874,0.6204397101244106,1645.1396902753845,25.48627428023226,29.624988411004363,17.470001826867655,1864.7325649140257,1506708,3300.0
Santarem,2013,0.5367296930422392,0.8075031252905202,0.3803838256940001,0.636164989496113,2087.172758394673,26.210470901046442,29.360352474288824,16.036594629853617,1953.3112779855376,1506807,3000.0
Tailandia,2013,0.6657451023075295,0.8981670870249647,0.43923185433540246,0.6687256333519523,2270.0813036920285,26.31711947171465,30.900736097571723,16.834290034708495,3316.397454702368,1507953,3000.0
Ulianopolis,2013,0.604037648800617,0.8771442179790874,0.42392013694331326,0.6747859918123884,1584.6982067546935,25.857484498287835,30.088555918671343,16.922735350149257,2229.6401354304758,1508126,3300.0
Uruara,2013,0.5874363243973133,0.8938817651544154,0.42623634671546395,0.7006790762979949,2185.151346588286,25.077087166106256,29.015719183173164,15.01360577329956,2421.9391315806233,1508159,2887.0
Xinguara,2013,0.6988131404856185,0.867631445388926,0.5048461358890353,0.6836650513752964,1448.2299238366018,25.481859335202614,29.13957767109306,16.942778658646052,1133.4800335564762,1508407,3316.0
Altamira,2014,0.6314804539133043,0.895445950870349,0.43451190765055275,0.6965414689938533,2042.2961877042364,24.538699715386606,28.62291347709253,15.970711153107619,2256.079061626502,1500602,3600.0
Augusto Correa,2014,0.6392784278404012,0.8465161257570155,0.42770262919285007,0.6347543650006415,2235.302943509191,25.857686381152774,28.42848840812736,15.231898959510836,3437.097027874345,1500909,1500.0
Belterra,2014,0.46505926801840497,0.726308995848397,0.32942806961311544,0.574922286242714,1869.5383043651807,25.96136670415735,28.68675099130479,16.207097921078006,1308.8070837959647,1501451,3000.0
Conceicao Do Araguaia,2014,0.6975426327773008,0.8191185117527473,0.45512203666281764,0.599303523258595,1727.1536061209251,25.72176337127011,29.6947568069082,17.287932787360372,1213.718489831027,1502707,3300.0
Cumaru Do Norte,2014,0.7573056233345916,0.879701103397122,0.5171305981417997,0.6844897742508211,1991.7110438660595,24.12064001529852,28.230122350314883,16.550643665207712,1701.8252746929045,1502764,3000.0
Dom Eliseu,2014,0.6551345837917254,0.8794033545271638,0.46616147448113776,0.699863131344775,2125.4849719494396,25.230257365998558,29.56410521010764,16.76773166591713,2583.3348907331097,1502939,3000.0
Floresta Do Araguaia,2014,0.6626582188974961,0.8180684062581938,0.44254286532830556,0.6060107471994264,1737.1554878246977,25.553629997850276,29.410703936636864,17.089388123713565,1182.5573616055094,1503044,3000.0
Maraba,2014,0.5987212444822757,0.8757391002137878,0.4285829930614135,0.6753643689533757,1844.9925486248771,24.82636510259305,28.633989156795277,16.153664461026857,1477.5846648930906,1504208,2700.0
Novo Progresso,2014,0.681387695171389,0.8942304465558707,0.4552699745023396,0.6848967983953358,2232.4974395356444,24.19188213644105,28.375382578637968,16.260986759624174,2172.08442270798,1505031,3000.0
Paragominas,2014,0.6623621301053858,0.8953546932856732,0.4581864529331095,0.6976429947582491,2203.515645280621,25.604871453915475,30.056169105255098,16.665229153235884,2899.89255899843,1505502,2914.0
Parauapebas,2014,0.6727209819564123,0.9086652022794186,0.4810774689937542,0.7272823539534431,1781.4883666658964,24.141840611445826,27.953067081749836,16.18934754422718,1490.9457571476855,1505536,2700.0
Placas,2014,0.592663352278837,0.9082368599687722,0.4101092874453612,0.6930682947008291,1791.6815576878914,24.87355493959163,29.009877073878332,15.705346329559877,2076.492386501248,1505650,2700.0
Redencao,2014,0.7192186633851497,0.8409092369968174,0.4917385696799927,0.6499318047395397,1926.4593351538451,25.09517391480251,29.031582229707844,16.78201917566508,1191.4874548921266,1506138,3000.0
Rio Maria,2014,0.6934718449177073,0.8550146471447624,0.48189294253019543,0.6643736463801271,1798.0259556458789,25.12208848918921,28.907105253062134,16.912778519725162,1123.35537451505,1506161,3600.0
Rondon Do Para,2014,0.6625816217639828,0.8704298520879924,0.46750336045683666,0.6852054295713395,2263.9445966295575,25.194666629102198,29.372453235766933,16.777501863764797,2136.8520610248124,1506187,3000.0
Ruropolis,2014,0.6196810929769455,0.9041864916682741,0.4255097090642168,0.6977857800987182,1950.8696605825892,24.792115390437313,28.839665636512294,15.64027676590419,1944.2135118995702,1506195,2700.0
Santa Maria Das Barreiras,2014,0.7175827241494913,0.8293176453672895,0.47392255057270927,0.6192986177713962,2019.0742768527477,25.045077749830845,29.054738519788117,16.796291850319353,1505.9154045359462,1506583,3100.0
Santana Do Araguaia,2014,0.7339908514269016,0.8436459633626396,0.4858888088123057,0.6313992798067839,2048.426453077783,24.959148847800407,29.044112854387684,16.824120523378657,1714.7850654753345,1506708,3100.0
Santarem,2014,0.5391756212213765,0.8011112811606315,0.36858016557671797,0.6114487402161767,1867.5161722091043,25.82802537542558,28.988899831962286,16.174814471081795,1839.540886006049,1506807,3000.0
Tailandia,2014,0.6479311302378031,0.895641929315566,0.44453062042911484,0.6908973270481844,2638.5443557852345,25.905399061852,30.49466802436076,16.97107529378952,3196.892862021878,1507953,1280.0
Tracuateua,2014,0.5960062911122718,0.8327220263402092,0.4013913005270734,0.6334263225054909,2462.3947251545487,25.935146950338662,29.173132924657217,16.140178567840188,1692.2865374133414,1508035,2280.0
Ulianopolis,2014,0.6523134736710048,0.8794790347354481,0.46756307417176024,0.700313403346854,1990.203846628527,25.47985596477191,29.780788420745203,16.70530838226895,2224.6125770511094,1508126,3300.0
Uruara,2014,0.5441685901495167,0.8942122236294581,0.3850441186502675,0.680551722806932,1801.9638602332122,24.85397709741306,28.944321549490933,15.507764840085438,2398.7691948736397,1508159,2976.0
Altamira,2015,0.6908119830874687,0.9065394038073432,0.4751190893125034,0.7192501277859127,1826.6573511611862,24.81864027442262,28.999889111100632,16.6685518586838,2468.818861013185,1500602,3600.0
Belterra,2015,0.48315183268346973,0.7127776871097641,0.3434229938198691,0.5720845216950089,1480.6653550381236,26.46430435847776,29.29810924836622,17.41293996040286,1516.2214417180965,1501451,3000.0
Conceicao Do Araguaia,2015,0.6879761167326395,0.8213760419309297,0.4489405603560141,0.5983131917979567,1754.1927888537757,25.99458165453794,30.068435411036894,18.164326726831266,1286.7548890595722,1502707,3000.0
Cumaru Do Norte,2015,0.7526131384611802,0.8827509295818389,0.5246676323573605,0.693157042971215,1863.7039644300378,24.37870227327034,28.583457608672607,17.458255333433815,1834.8302882316789,1502764,3000.0
Dom Eliseu,2015,0.6344712268941953,0.8883707998654968,0.4372460445105083,0.6946352182325042,1752.7386918940674,25.516019512588255,29.930581991875787,17.231870228947898,2843.4530440779363,1502939,3300.0
Floresta Do Araguaia,2015,0.6668788925557294,0.8228567656521454,0.44810770045564835,0.6096069356068673,1679.064422834892,25.81765834428245,29.753426903882282,17.934587184344718,1253.0284087801965,1503044,3000.0
Medicilandia,2015,0.5800989280420541,0.8993698028732889,0.4181109249155426,0.7192792135589587,1476.078097084775,25.47219832413538,29.51280363567722,16.311263990851483,2607.4632904666805,1504455,3600.0
Novo Progresso,2015,0.7482357706625398,0.8959360956697214,0.49902078639599684,0.6830800074373666,1960.2983916670114,24.425101385985062,28.657269577831325,16.817578870041896,2332.0473738530045,1505031,3000.0
Paragominas,2015,0.6329440903448595,0.8948214361316457,0.42758084329974033,0.6836224543736314,1890.2999754555804,25.963846882545734,30.575662361238194,17.3159277674471,3294.2849027993702,1505502,2900.0
Parauapebas,2015,0.6829129219987866,0.9094444107398657,0.4708068862035276,0.7126223047178402,1508.407680496695,24.385492963193037,28.30065825740389,17.103472524375626,1641.773192181371,1505536,2700.0
Placas,2015,0.6301605489074183,0.9046564484038829,0.43638070652847055,0.7104524751179847,1541.2121994443062,25.241599187003,29.41460875783477,16.694842379346937,2374.497939861172,1505650,2700.0
Redencao,2015,0.7002041123213181,0.8459412793974849,0.4855552987387342,0.6457073718457049,1829.1562176341786,25.391182857774986,29.445891384377212,17.813135936260256,1286.5091213063656,1506138,3000.0
Rio Maria,2015,0.7091322048652714,0.8538811895545592,0.4936066303846531,0.663329918520217,1601.447522311109,25.407157216198076,29.28208974288246,17.86335042402655,1203.4666303788483,1506161,3779.0
Rondon Do Para,2015,0.6687749267203658,0.8785086160374493,0.45698297428515333,0.6696608131198998,1948.1834407981084,25.43553538690461,29.706420257917966,17.387321411415694,2316.752135173013,1506187,3300.0
Ruropolis,2015,0.6572081027021248,0.9043361076346942,0.4541900607733892,0.7022524886081328,1688.4123377330438,25.157857871574826,29.355458222743643,16.488782834894163,2185.4552605383456,1506195,2700.0
Santa Maria Das Barreiras,2015,0.6959833773163377,0.8246304514335274,0.47430632916194987,0.6259583213642615,1760.2504966798742,25.331427864243423,29.474272383370394,17.7699244960629,1633.9031926393202,1506583,3100.0
Santana Do Araguaia,2015,0.7130861953285009,0.8424310114000065,0.4754581802289508,0.6301724923015057,1734.4570047375694,25.242245064367836,29.41842906758351,17.71378734339084,1866.354959174149,1506708,2700.0
Santarem,2015,0.5577556442106298,0.7966778543357618,0.3851660612728182,0.618708251015086,1553.0382748353693,26.358678208044147,29.654946976798517,17.356983289295773,2218.086472312757,1506807,3000.0
Tailandia,2015,0.6453880502861701,0.8820802764849617,0.4331285336222736,0.6607067811970598,2330.941937772411,26.24362895910412,30.96160246384219,17.515609838481648,3611.8288680554565,1507953,2700.0
Tracuateua,2015,0.6060277271785922,0.8342816216003183,0.39089166060302677,0.602874467459887,1906.3007847321269,26.176457711833176,29.45054040010018,17.22544841112246,1870.4927994990921,1508035,2054.0
Ulianopolis,2015,0.6157866589949218,0.883682464418543,0.42460092942872346,0.6833970030653017,1570.3343535084803,25.825401110162527,30.239541462365388,17.223603851884786,2493.7169220310907,1508126,3300.0
Uruara,2015,0.6051558159970986,0.9035487008795849,0.42705795693710374,0.708083118414984,1495.8953526929067,25.183653890111632,29.317062881427173,16.387500655157087,2745.4233525913223,1508159,3000.0
Abel Figueiredo,2016,0.6947235661089199,0.8817514481050924,0.4907019603337399,0.6958390099984438,1256.6835780238696,26.784499597413685,30.86962968233235,18.666164381122922,1882.3012260619264,1500131,2900.0
Altamira,2016,0.6826130412678194,0.9091336262971799,0.46508791217461015,0.695587211855348,1461.9049380143297,26.045476525361924,30.417285068245658,17.7938604266312,3244.7308544279604,1500602,3000.0
Belterra,2016,0.42132947398678555,0.7057826320440767,0.27800436742524703,0.5018552495157848,1428.8374467632457,27.531527470284452,30.369233331133504,17.527960697085753,1784.5494135016525,1501451,3000.0
Conceicao Do Araguaia,2016,0.6888800850184936,0.8193681947530395,0.44699634423309503,0.579207317574924,1287.4913788370127,27.094347386348257,31.149349264878943,18.857185173110203,1455.6969742259346,1502707,3000.0
Cumaru Do Norte,2016,0.7825212848187841,0.8831715856409047,0.533853457221175,0.6688934783914554,1625.0851629950864,25.601099540422766,29.941183262442802,18.643369533732976,2347.301572712118,1502764,3000.0
Dom Eliseu,2016,0.5624845059000088,0.8824086804901482,0.38063301383589077,0.6584560265722605,1436.5477823602823,26.63816225682747,31.144475480740955,18.29063017885002,3477.801897900241,1502939,3300.0
Floresta Do Araguaia,2016,0.6694615282001216,0.8229693254660776,0.4382333147533121,0.5709845327944556,1302.8345683790346,26.90778987390605,30.83490851090284,18.602116054927645,1414.527802825534,1503044,3000.0
Ipixuna Do Para,2016,0.5871720630856319,0.8813476981102155,0.3798456189493126,0.6299008700206502,1880.808641551508,27.134120037600677,31.86899479595289,18.026253131624607,3833.226624020373,1503457,3300.0
Maraba,2016,0.5957102392849706,0.8851026456910437,0.4185158775536241,0.6643032402276631,1269.304426541475,26.09765062641846,30.111262992802832,17.82328565584805,1882.1701867298232,1504208,3100.0
Novo Progresso,2016,0.7698225002019199,0.9038227376768707,0.505497945421881,0.6779537719324296,1638.5727906354657,25.722162319985724,30.17624316342898,18.127752404360137,3073.937665229889,1505031,3000.0
Paragominas,2016,0.5945720053803517,0.8966692790371793,0.3919100177629643,0.661309209571311,1600.4969898982652,26.911476091766676,31.60593728373157,18.056343812084744,3827.757125536009,1505502,3300.0
Parauapebas,2016,0.6637183196088822,0.9176128334474889,0.4687272473561733,0.7076500951497338,1288.3744893654466,25.386016074621185,29.347885746138804,17.816280608256434,1907.8682038185968,1505536,2700.0
Pau D'arco,2016,0.7390293323658121,0.869330538011346,0.4941850376191365,0.6468499921722617,1495.279503279063,26.463642807313743,30.420833336377722,18.57129406286543,1363.611452123038,1505551,3180.0
Placas,2016,0.6074407820971115,0.9098313162752361,0.41891449262949637,0.6802193846017054,1252.6768935100863,26.35878465578166,30.636862744811715,17.282619486753433,2984.5951763885564,1505650,2700.0
Redencao,2016,0.7343764594309693,0.8578873903339617,0.5074886942590469,0.638199550694993,1492.631828139528,26.499693298340492,30.622320351302932,18.70330218019887,1482.5044793081918,1506138,3330.0
Rio Maria,2016,0.7100324994274848,0.861502603120123,0.4897237983313038,0.6458251382901364,1335.064593013983,26.469916522330198,30.349778720278984,18.531804277242767,1353.8975211664103,1506161,3000.0
Rondon Do Para,2016,0.6460968977760201,0.8864753662221411,0.44339715859235285,0.673665578406394,1410.4917893283402,26.565645668842937,30.98558640988551,18.331663948572217,2835.0595778399315,1506187,3000.0
Ruropolis,2016,0.6523677734331084,0.9138659655429777,0.4523422071809277,0.6932118371394627,1334.218647977133,26.283636820974063,30.588779585915034,17.189180582089474,2797.1009014062342,1506195,1350.0
Santa Maria Das Barreiras,2016,0.7217612699801814,0.8320837727865089,0.481101011912843,0.6034309840820291,1542.7989425035453,26.539975494865637,30.782619731084118,18.838422693003047,2002.2983938856646,1506583,2400.0
Santana Do Araguaia,2016,0.7362115908158771,0.8452463857581262,0.48553100156823004,0.6189992060067828,1421.1337224552933,26.630175300761252,31.01797835695731,18.911398196975387,2464.455249739523,1506708,2400.0
Santarem,2016,0.5315616168641185,0.8106132533882929,0.3576244416907911,0.5989050270402677,1429.4123931937045,27.47685705120423,30.80076927602817,17.598859894712806,2767.81612194537,1506807,2700.0
Sao Joao Do Araguaia,2016,0.6420558331726455,0.8402698337341032,0.4348166714423484,0.6175223624645533,1141.8838022569898,27.094719315822584,30.83100951196864,18.586558377850345,1512.3094735969275,1507508,2800.0
Tailandia,2016,0.5971935700590328,0.8873198273149095,0.3999715311819174,0.646596727938306,1905.1161101661598,27.14315901476394,31.931062572429603,18.093196054928214,4103.81109412561,1507953,1500.0
Tracuateua,2016,0.571345231262066,0.844717127712334,0.37688962740771975,0.6118300685012497,1658.8531377132476,26.789157810842728,30.076115395670087,17.53263580126153,1951.710272478373,1508035,2400.0
Ulianopolis,2016,0.5611337039543097,0.876758968342817,0.3748834848883983,0.6495340885327742,1390.4497773347769,26.91839196871919,31.44824728285389,18.23339872232281,2992.1743920338995,1508126,3300.0
Uruara,2016,0.5143793114305785,0.8857987406267952,0.36287237204636075,0.6701711944050226,1277.5852178921093,26.277928406724815,30.518766400826475,16.86722416530049,3491.633412565493,1508159,3000.0
Abel Figueiredo,2017,0.6516535937847596,0.8719268103878992,0.4811703675627659,0.6959756555189558,2128.432101781151,25.842564019098205,29.783021726039703,17.268059637149612,1511.1090492209942,1500131,3600.0
Agua Azul Do Norte,2017,0.699253163079012,0.865475719610726,0.4900955653041633,0.6838933523141181,1684.1452981485934,25.038996029726864,28.93521738464493,17.378473840002943,1217.7201404989837,1500347,3500.0
Altamira,2017,0.6639456179736146,0.8982554155943725,0.44945435689908286,0.688770792888603,2069.3691450670813,25.044643591354895,29.22356791592021,16.526297394334126,2419.1918212008854,1500602,3000.0
Belterra,2017,0.4334669512456001,0.7016032531729403,0.29682586897137236,0.5310006607826735,1974.14906990728,26.15302864482901,28.904023144840203,16.156035751252656,1257.3991739139522,1501451,3000.0
Conceicao Do Araguaia,2017,0.7068833569112158,0.8139831570436608,0.4572894076642831,0.6001593159414185,1496.2134909649455,26.286412802255754,30.343803115479638,18.106093787386666,1290.4081112961214,1502707,3000.0
Cumaru Do Norte,2017,0.7507834491223602,0.872658336721162,0.5125098567458815,0.6685911405824942,1825.9736872897622,24.774457899418923,29.029163754358674,17.45861824027652,1917.16973049618,1502764,2700.0
Dom Eliseu,2017,0.6326649415871178,0.8945332858827532,0.4387039416683993,0.6911098626213957,2376.374843781728,25.701370443803043,30.106249263766458,16.94242191336876,2662.222210744756,1502939,3300.0
Floresta Do Araguaia,2017,0.6818157499582777,0.8090818555325217,0.46073940831618204,0.6090689404236618,1551.4736702869002,26.108763066094355,30.00135828776757,17.672373102664885,1244.3461924648443,1503044,2000.0
Goianesia Do Para,2017,0.597512509925497,0.8424872512118768,0.41673263722544074,0.6392050100565241,2778.9702240382735,26.168313772541694,30.189816691824262,16.49278332556105,2260.792556967324,1503093,1500.0
Ipixuna Do Para,2017,0.6425309123618773,0.8864911359824362,0.4319505770333464,0.6696871544529035,2634.1969293535317,26.233366007542735,30.84040871346192,16.698358640120993,2957.7261406517714,1503457,3600.0
Maraba,2017,0.5955429285399537,0.8741430896248042,0.42933505945687395,0.6705084322117807,1884.6344145137482,25.31780456518998,29.142380780664464,16.379473464349626,1554.0804197201205,1504208,3100.0
Novo Progresso,2017,0.7285914307950871,0.8961689416688472,0.48077986060051947,0.6720001912220258,2057.500384176991,24.797274008133705,29.194033894968584,17.2755221956499,2438.971414038261,1505031,3300.0
Paragominas,2017,0.6343116380584659,0.8962476063197264,0.42863883422627513,0.6831388168690218,2383.2822014491658,26.065698827437387,30.63780448689052,16.788614828863075,3014.9793434019716,1505502,3600.0
Parauapebas,2017,0.663240037461818,0.9027507856930242,0.464589180326174,0.6984995067646029,1782.466022107888,24.62468728977326,28.46351402569389,16.51467820170642,1559.0843142484841,1505536,2700.0
Pau D'arco,2017,0.7101960984806626,0.8421682643009403,0.47806093590849286,0.6288504579806298,1690.167267175384,25.689295335280985,29.661555954623132,17.594294813910455,1197.7402346872059,1505551,3000.0
Placas,2017,0.6042527002852023,0.8918090156202522,0.4173282081371223,0.6735843756124759,1956.5966168424625,25.049599519658734,29.155395062629598,15.896393129605297,2003.9030230649523,1505650,2700.0
Redencao,2017,0.716717786387725,0.8346798459332877,0.4871870826187874,0.6335657508379506,1721.2223656179312,25.696729165722374,29.787985152786984,17.688962651582173,1287.0179399451324,1506138,3000.0
Rio Maria,2017,0.7126266552335933,0.840414715972891,0.5036374168897155,0.6604653892172937,1618.6639106888388,25.71533513988987,29.574508158553417,17.548448115807275,1192.4342476769928,1506161,3600.0
Rondon Do Para,2017,0.6392754497017855,0.8874196594155436,0.44571822181100174,0.6750862270082758,2472.798154216137,25.61543543616221,29.87950780540495,16.871664674121476,2178.360909303887,1506187,3600.0
Ruropolis,2017,0.6328896297552978,0.8962229895402497,0.43694809936723883,0.6920352033620201,2002.624030603644,25.04221458181448,29.091926226321938,15.911847716405857,1920.0851019100999,1506195,1349.0
Santa Maria Das Barreiras,2017,0.7237597725541866,0.8271717396859989,0.4866916751322503,0.6270085523203205,1636.352214043547,25.722205031659822,29.88331668205114,17.869992090879908,1697.7680204303533,1506583,2880.0
Santana Do Araguaia,2017,0.7427839500354557,0.8397446782657287,0.5008408147261618,0.6443450394476683,1688.8978168870576,25.722416345069544,29.995654718265463,17.913008716274348,1979.8729835032325,1506708,2820.0
Santarem,2017,0.5220808768911286,0.7974388329549672,0.3456271363234433,0.5841300537765194,2003.2189128746911,26.03251118117281,29.211981893038633,16.183563169486796,1762.507759433494,1506807,3000.0
Sao Joao Do Araguaia,2017,0.5904332945730038,0.8080763422026775,0.4179201375942782,0.6162863933091813,2006.9278941589332,26.25530861992737,29.89637627745355,17.185390151306088,1288.8995898712562,1507508,2800.0
Tailandia,2017,0.6496480743520442,0.8934486616932288,0.437965752079985,0.6726007477618259,2882.202165528724,26.231048521325086,30.86383071187595,16.763116516365915,3164.974641732251,1507953,1500.0
Tracuateua,2017,0.5979613385689567,0.8462943425948983,0.40641099075823106,0.6405805231275736,2293.9816571452207,26.135048720802683,29.280139443963886,15.690691044509498,1585.949125793733,1508035,2400.0
Ulianopolis,2017,0.6387288275910795,0.8837971166077305,0.4497533833957768,0.693456047726264,2172.158881893333,25.980808933085076,30.365711639291785,16.913450892517087,2320.655328885084,1508126,3600.0
Uruara,2017,0.5679366000858171,0.8900531819046863,0.3991447909687512,0.6769094766450586,2137.651770760344,25.06389261256959,29.156549971085646,15.47705286566848,2303.0376059733635,1508159,3000.0
Abel Figueiredo,2018,0.674387781147581,0.8746361254308759,0.47857055143870747,0.6796707453723547,1975.3171347117236,25.743586963510925,29.704200059259353,17.305529285030577,1555.8678756311926,1500131,3000.0
Agua Azul Do Norte,2018,0.7055352920524532,0.878148965352152,0.4924997492935637,0.6872000435676636,1776.2156035063488,24.89777339990533,28.80047549005756,17.728211403811475,1262.8081683443932,1500347,3600.0
Altamira,2018,0.6924759769758213,0.8999506330198551,0.4755312803790572,0.7136876358614637,1840.7423874583135,24.93262257384415,29.168776288825455,16.749156433080692,2543.85752387726,1500602,3000.0
Belterra,2018,0.4678336675189364,0.7124632064810135,0.31965494853016546,0.5492482651157345,1695.2044647321095,26.370435011033546,29.11438716296062,16.584079796176916,1401.7012141109856,1501451,3000.0
Conceicao Do Araguaia,2018,0.6817213303717864,0.8264558747792037,0.43272154604107943,0.6098570295946872,1847.5014396650045,26.18753061635223,30.22534364292066,18.3335635247458,1333.2049040859006,1502707,2000.0
Cumaru Do Norte,2018,0.7627099664574528,0.8778449767677082,0.5156778314646965,0.6719270074818289,1857.6742788818935,24.56958168320752,28.79376619085929,17.558895779035513,1940.2630325246787,1502764,2000.0
Dom Eliseu,2018,0.6275193923321307,0.8931832238188565,0.4362702085314571,0.7084315608977106,2121.162848138092,25.57392495233922,29.943339280870553,17.138877809889856,2737.4309333967435,1502939,3000.0
Floresta Do Araguaia,2018,0.65793021707133,0.8227477983407565,0.43349842472123035,0.6147596679339523,1801.4983538896904,26.011199377914487,29.969576541806585,18.111031291814466,1296.7057152240482,1503044,2600.0
Ipixuna Do Para,2018,0.6508926006376737,0.8898207018926216,0.43949522968630106,0.6765073197602467,2155.5320299402756,26.11484976405267,30.7033126123871,16.942813591230124,3081.5918347495126,1503457,3000.0
Maraba,2018,0.582330218706369,0.8722452531151528,0.4177950979535789,0.6787443473904659,1805.8099502917569,25.169047910014335,29.024324491014976,16.532659036424356,1602.127595046327,1504208,3100.0
Novo Progresso,2018,0.7147668608229719,0.8886397179609327,0.4761519157533662,0.6820533528865935,2167.638417060413,24.49275219255051,28.79335301088458,16.85170557859589,2381.3908516371216,1505031,3000.0
Paragominas,2018,0.6418281263939792,0.8991295897378055,0.43670741592435175,0.6915599926990846,1933.3890269840745,25.90706210199265,30.416943190770883,16.964233704206485,3089.604328264238,1505502,3000.0
Placas,2018,0.648250176738988,0.9060849180116758,0.44043448008714486,0.6915466965761581,1667.9861866944977,25.30232943251344,29.50275909169348,16.488048329295825,2375.101455147243,1505650,2700.0
Redencao,2018,0.7260851138447575,0.8459227151316975,0.4929684133248806,0.6488096761812063,1938.8382857179006,25.572349008643904,29.604951119498878,17.948035602419942,1318.788521145261,1506138,2000.0
Rio Maria,2018,0.6972703678127392,0.8555471051981649,0.4853711431426397,0.6704776949672522,1817.0804158754638,25.582409992937933,29.465695512790393,17.932911617656774,1229.846841155377,1506161,2400.0
Rondon Do Para,2018,0.653509822053476,0.8862776135125865,0.4566572509214039,0.693660638112006,2233.8237151045296,25.497576222933642,29.7721957707967,16.95772730834403,2245.4593720754033,1506187,3000.0
Ruropolis,2018,0.672366966511789,0.9033012791725259,0.4615210607487175,0.6985185332729047,1685.7506711242006,25.138279874632588,29.308676589029,16.274357298640997,2140.004074877037,1506195,1350.0
Santa Maria Das Barreiras,2018,0.7231711055337945,0.8365220572620743,0.4769316934413145,0.6266456065071602,1897.8872866896352,25.553430887960317,29.683686796091322,17.940005509430158,1723.9982280961644,1506583,3000.0
Santana Do Araguaia,2018,0.7306774003930939,0.8479695901932455,0.4853280134024573,0.6450083883920475,1774.7053061225458,25.512587537954822,29.695208794470144,17.940443982844336,2020.7680216726442,1506708,2800.0
Santarem,2018,0.5516529152268941,0.8016133950401864,0.36898431904489215,0.607393853070659,1685.0341178775504,26.297162760285715,29.53594966943599,16.651369953030386,2094.975529700407,1506807,3300.0
Sao Felix Do Xingu,2018,0.7262832246946459,0.896937051172519,0.5023096617404097,0.7092286507389886,1867.8381599283482,24.872130229586464,28.925453830509312,17.110602594234532,2081.3442407644857,1507300,2400.0
Sao Joao Do Araguaia,2018,0.6153035270951269,0.8054654652015775,0.42926208497845464,0.6221917689298642,1874.9139955655546,26.133110597603434,29.802244697050128,17.272231293467797,1310.5518042572219,1507508,2800.0
Tailandia,2018,0.6581890387478505,0.8957821068684214,0.4519205530647231,0.7001516406475757,2328.020855959126,26.150255664548244,30.77457129870898,17.00051194277515,3353.732958805827,1507953,2585.0
Tracuateua,2018,0.6036452016328525,0.8414704690561989,0.40262105195477266,0.6329431015976551,2236.1141248847484,25.982192881615664,29.18305740370167,15.908424254740744,1628.6887888358347,1508035,2400.0
Tucuma,2018,0.7040397587122385,0.8536697829052416,0.48829143176666073,0.6492874532790387,1894.0935031065892,25.108992367258846,29.099361933746945,17.47054714192178,1378.9072038757047,1508084,2872.0
Ulianopolis,2018,0.6222740709120149,0.8801478973254444,0.4333218935724602,0.6849461717063041,1818.459250249282,25.827403195277608,30.150991132742107,17.112493710421372,2366.8961022568433,1508126,3000.0
Uruara,2018,0.5983318639228101,0.8974754438956284,0.412152072006394,0.6875768002658026,1703.4350930537323,25.339221476977745,29.54251209443797,16.3567278650021,2834.2917530291825,1508159,3000.0
Abel Figueiredo,2019,0.691396224331168,0.8746117144882334,0.5069371657216083,0.699853604634,1884.0544204891019,25.799090235523515,29.622362248569466,16.920540435987476,1471.4701303253944,1500131,3100.0
Agua Azul Do Norte,2019,0.6961446680173592,0.8724320591949192,0.5009263749275614,0.6989980331929059,1514.0021929754178,25.04150756668875,28.88074271677496,17.2684982312804,1219.586059689199,1500347,4340.0
Altamira,2019,0.6580833863048465,0.9051593393067493,0.4509611112290751,0.7024800115342803,1808.984107624686,24.999640317092897,29.13040001967703,16.308033300031155,2400.7711654434306,1500602,3780.0
Belterra,2019,0.46304610419293296,0.7244684933625534,0.3238857549871495,0.562058152762963,1626.984949221927,26.22458364511989,28.85761579704602,16.013024786482614,1332.654090466597,1501451,3000.0
Brejo Grande Do Araguaia,2019,0.6471178872126555,0.8508342732220601,0.4655931423869242,0.6753100257473734,1623.3037671023544,25.993544271453665,29.65173280207833,17.08510678799187,1325.75658643134,1501758,3180.0
Conceicao Do Araguaia,2019,0.704679845843961,0.8263554187503671,0.47789389374190944,0.6304097043236969,1395.6375381570754,26.28607967105658,30.287682303379185,17.81829976600015,1277.6708708868946,1502707,2800.0
Cumaru Do Norte,2019,0.7672746866184209,0.8837058456685737,0.5364723450311929,0.6983763229893909,1634.034611360463,24.81038412809748,29.00628354079349,17.68263426363925,1947.5843281807613,1502764,3600.0
Dom Eliseu,2019,0.6018276014094414,0.8856441503578986,0.4383860567191569,0.7168426526051981,2094.070862378705,25.51828166822324,29.75159659767983,16.157484593226897,2439.0373053105527,1502939,3100.0
Floresta Do Araguaia,2019,0.6794448036666746,0.819527206544731,0.4650839189828433,0.6241032053363231,1377.3310103330532,26.08623025978023,29.98065627094378,17.509854222880115,1234.0761193116768,1503044,2800.0
Ipixuna Do Para,2019,0.6262785058250646,0.8904250616954344,0.43660630177257287,0.6862900068095582,2908.26573717006,25.858204998248507,30.227041299249834,15.750955610954954,2514.278452839364,1503457,3100.0
Maraba,2019,0.6255439176839552,0.8789413655394307,0.4398866549467046,0.6816647403274179,1680.6909562591911,25.263382957504497,29.053747799340332,16.176513869737786,1530.1232232533803,1504208,3100.0
Novo Progresso,2019,0.7021192508251615,0.8973708516512799,0.46720414396427756,0.6819435335924899,1931.3391671475101,24.674782685370616,28.986610804564748,16.941894514203675,2330.8152158481334,1505031,3300.0
Paragominas,2019,0.6156639038221712,0.898565174266505,0.4284721807240788,0.6991690354508134,2505.2752559723053,25.6740190602197,30.00097688461204,15.852975819298383,2543.7886869074514,1505502,3000.0
Parauapebas,2019,0.6831224614032146,0.9088704198832396,0.481723816631467,0.7261515594476692,1495.0265077059867,24.634587497480673,28.440789336513618,16.39933211205377,1574.9392406224881,1505536,2700.0
Placas,2019,0.6128468877700459,0.905745922045234,0.4308028236865063,0.7000747511407788,1635.315200129719,25.180957983641548,29.195487519050115,15.674923410737076,2131.314634839346,1505650,2700.0
Redencao,2019,0.734666575835603,0.847083814993848,0.5101363032632179,0.6601510724734047,1539.9129399160831,25.72425721841744,29.727223747137113,17.686553047770772,1294.0372464619923,1506138,3000.0
Rio Maria,2019,0.716806603970571,0.8555241142083283,0.5110201674857083,0.6792603553907317,1412.6383565496828,25.68526015722419,29.497038058899932,17.425199457390562,1184.0415895032586,1506161,3600.0
Rondon Do Para,2019,0.6435295663224891,0.8897521724982892,0.4576376594089491,0.6962586312585952,2158.8561773700026,25.51728356833716,29.627770186746957,16.30976379404742,2059.099728381711,1506187,3000.0
Ruropolis,2019,0.6476638037294198,0.9069533415735141,0.45025384626689313,0.7008644329246159,1876.078920486133,25.125780392465185,29.1547269916885,15.741482372658679,1991.5662423087258,1506195,1350.0
Santa Maria Das Barreiras,2019,0.7278349177625204,0.8409446720084401,0.49052773505419794,0.6378985916770279,1561.0002967625514,25.75879062240453,29.87701844337994,17.99288486288633,1714.8295711918515,1506583,3600.0
Santana Do Araguaia,2019,0.7543172616548491,0.8519070170517447,0.510893334293542,0.6617757405961817,1665.6457217634234,25.75006159726163,29.94751071547174,18.148088890367966,2001.8463083684885,1506708,2773.0
Santarem,2019,0.5460745797326437,0.8093475118769959,0.3767919133197827,0.6171630489951133,1667.6372117834026,26.106783633435924,29.187421085061917,16.051103730798264,1873.1683253280703,1506807,3300.0
Sao Felix Do Xingu,2019,0.7102890579273863,0.8982690498550977,0.4945472629549482,0.7123662091505744,1655.2445469875247,25.022590559570244,29.02587035262704,16.90808073025118,2026.075136482824,1507300,2400.0
Sao Joao Do Araguaia,2019,0.6163971657017329,0.8077341188857962,0.4323804881328425,0.6218128311225575,1765.8359793792372,26.192702622514307,29.72003639103683,17.010267154758935,1245.7890602567777,1507508,2800.0
Tailandia,2019,0.6186773416177668,0.8973124401429095,0.43247806964386587,0.6888855674190264,2817.791719119509,25.861407593009638,30.16316434108,15.567875073933545,2698.185315908558,1507953,2742.0
Tracuateua,2019,0.6081182351096238,0.8524852556532588,0.412823213656337,0.652060485155464,2990.7495992158306,25.838640208582834,28.843899231570937,14.624688058036966,1391.4538298448692,1508035,2400.0
Trairao,2019,0.6736939927582517,0.9070871362920502,0.4499284572937632,0.6890883028770408,2043.0086609488312,25.315607770299536,29.458673354932632,15.917838157078068,2225.1647858462006,1508050,3000.0
Tucuma,2019,0.6621630191774973,0.8483633576384647,0.46958574073683745,0.6592588716176642,1649.6875869253477,25.248742260087496,29.231149011170846,17.223437458766668,1347.7111981336484,1508084,3600.0
Ulianopolis,2019,0.6065146059115293,0.8811193851333141,0.4372024848887617,0.7066352765443668,1968.633578752522,25.652938847696692,29.833875883171565,16.07623217065398,2026.6557170324097,1508126,3100.0
Uruara,2019,0.5566707942168614,0.9022823835757148,0.39579834909398653,0.6909770940353482,1707.1404446994813,25.099978335633047,29.075194281931648,15.039730284453908,2370.782392766927,1508159,3000.0
Xinguara,2019,0.7044916498127661,0.8542311915997473,0.51429152164929,0.6887227497459342,1462.10058802724,25.655432157861092,29.365916202327963,17.287098495961068,1168.0669610980115,1508407,3600.0
Abel Figueiredo,2020,0.6836270522341044,0.8672545054570335,0.5123710092733973,0.7117100213750609,2079.0319864246,26.183336251305168,30.037010167921537,17.175413549172266,1611.0881457338112,1500131,3200.0
Agua Azul Do Norte,2020,0.6899748122528524,0.8794641410488778,0.48417919064880305,0.6749570826854967,1581.1963606557686,25.41705050414584,29.31209426517401,17.889690487684792,1344.6761992674035,1500347,4600.0
Altamira,2020,0.6705598457801601,0.9009647581622792,0.46585954295224136,0.7175451112098612,1962.8830666348153,25.28665934459406,29.424850072678087,16.482190366222458,2519.386520441087,1500602,3600.0
Belterra,2020,0.4726204331182808,0.7219750279664728,0.3386799392126876,0.5673430980045788,1922.8635762071506,26.49603154680808,29.165515540523554,16.234169827370877,1317.2620651727846,1501451,3000.0
Brejo Grande Do Araguaia,2020,0.652513553351194,0.8399260171825067,0.47660545724928716,0.6720466267254991,1787.233825092472,26.380990356672292,30.079996385869535,17.33737655104046,1462.1081265899588,1501758,3180.0
Conceicao Do Araguaia,2020,0.7136666511243756,0.8333495663022437,0.4812772254358721,0.6235052425599231,1638.8877315987977,26.548544964424504,30.537967639100966,18.247327308170153,1357.8471390564225,1502707,3000.0
Cumaru Do Norte,2020,0.7625170052262037,0.8854407841456332,0.5382154407643692,0.7048561085037389,1682.1173164257748,25.02512302045177,29.226432177565044,17.954229423228192,2073.8551572981587,1502764,3000.0
Dom Eliseu,2020,0.626017649083342,0.8929597051652014,0.45274582595555246,0.7415988712696312,1943.3971160008157,26.004033374748303,30.352629560517673,16.57433997340438,2818.414765083332,1502939,3150.0
Floresta Do Araguaia,2020,0.6701755306603497,0.8278635907151818,0.46029231402273807,0.6225705949782478,1608.5928884581986,26.38808125040752,30.281197224002,17.938792289071756,1316.2960967582592,1503044,3000.0
Ipixuna Do Para,2020,0.6469866502769228,0.8902302383122996,0.4543072340592732,0.7087977658222347,2420.9297446315236,26.29005650407961,30.70888140113693,16.24176117320562,2853.247915548049,1503457,3200.0
Maraba,2020,0.6145555882049021,0.8750834114525645,0.43795614812870653,0.6779541236047746,1731.641956944002,25.70700626190488,29.610576377920612,16.878157628295355,1728.5107479015562,1504208,1895.0
Novo Progresso,2020,0.7075400310779213,0.8927569202867989,0.47523981983125274,0.6844468914081918,2106.5348735060743,24.81482201348352,29.026876454220293,16.626469889764525,2344.7920779067185,1505031,3300.0
Paragominas,2020,0.637277157631563,0.9009520256438955,0.44654362408538445,0.7157116633560235,2008.8020076938078,26.130282045666924,30.535233754254634,16.26927022433804,2910.984763680819,1505502,3150.0
Parauapebas,2020,0.6892747802519873,0.9125644307200732,0.4880036396701667,0.72167115785367,1542.7197524033402,25.004369203905664,28.9031705466841,17.140785512530673,1767.195637530579,1505536,2700.0
Pau D'arco,2020,0.7178875460091232,0.8614042923317635,0.4972714978980873,0.6608072521277879,1657.5842269394682,25.951466042690846,29.875592155033054,17.934636509465538,1268.9695590769497,1505551,3000.0
Placas,2020,0.6082497703432718,0.905431387377126,0.41934550694726264,0.6894960833751959,1840.5762164626638,25.426192795168827,29.484431905580777,16.022436921587317,2126.606127119443,1505650,2700.0
Redencao,2020,0.7267727402360924,0.8575326662658426,0.5138349487711766,0.6755871560842102,1733.5356178833108,25.972632805961986,29.95903051456764,18.052509719474678,1366.8095425013241,1506138,3000.0
Rio Maria,2020,0.698379923710648,0.8575383362468035,0.4912172960185079,0.6639179297071525,1585.1681878074455,26.003663434734367,29.850068648025072,17.902126114082716,1266.1819942183233,1506161,3400.0
Rondon Do Para,2020,0.6340872754478964,0.8784907740856662,0.45567985050992676,0.7004619045276814,2049.4749651130555,25.90446472769829,30.119496131810504,16.673885670420233,2305.332683620582,1506187,3200.0
Ruropolis,2020,0.6301887508702643,0.8962562406589509,0.4472629422164904,0.7059226786863817,1889.4445742839996,25.297547524066427,29.284837547340175,15.673066374921335,1934.155295478113,1506195,3300.0
Santa Maria Das Barreiras,2020,0.7214561366598569,0.8448995085883859,0.5009981169720444,0.6605344234995084,1718.5807722702698,25.999102110886202,30.092037085979833,18.230915482415003,1824.764681404665,1506583,3000.0
Santana Do Araguaia,2020,0.7421115372671548,0.8557853966743337,0.5126539307544564,0.6711758694191347,1632.600185902929,25.988731819752417,30.179374585145716,18.34150387564715,2150.5145395166205,1506708,3000.0
Santarem,2020,0.5518513264590508,0.8066197549044142,0.38378614817111467,0.6201840563787341,1860.0647608308764,26.3644882388965,29.48818603190352,16.2443478792615,1868.2689567215214,1506807,3300.0
Sao Felix Do Xingu,2020,0.7175173693776886,0.8980889295442415,0.5100083243794644,0.7247339684555417,1729.5160269916905,25.347996748084146,29.36442699744093,17.286483632816047,2209.4481938318863,1507300,2400.0
Sao Joao Do Araguaia,2020,0.606583241616808,0.8033096971195929,0.43104333787609467,0.6316068357956075,1923.356375120999,26.620406576251735,30.217356362775032,17.353503091744575,1376.4188412412138,1507508,2801.0
Tailandia,2020,0.649120001317053,0.8976195774443081,0.45056536392336594,0.6989663366655442,2327.299082645304,26.27548530787002,30.728731628214643,16.280727084066708,3008.0866234410278,1507953,2300.0
Trairao,2020,0.6528080578640841,0.9038933513212788,0.4393328588035313,0.6873326092405236,2060.957124467022,25.444786170345235,29.508814997664963,15.546691858550965,2153.610099812764,1508050,3000.0
Tucuma,2020,0.6838905134964519,0.8523369041278875,0.48372441505843833,0.6678278932255056,1730.6641360556544,25.606725089583215,29.574596705205085,17.62600350390773,1462.1209349767898,1508084,3600.0
Ulianopolis,2020,0.6149786719391429,0.8854596370123519,0.4402936825603952,0.7178410974750611,1843.7928065822896,26.204576187242957,30.509403924436725,16.514081578400067,2376.4976189334207,1508126,3150.0
Uruara,2020,0.6289565644883809,0.907039803617876,0.4464959831257246,0.7072134567184174,1813.7113504057002,25.485535170835977,29.610794348839754,16.028293064305846,2558.4386641579854,1508159,3000.0
Xinguara,2020,0.6764715656974108,0.8527715699275193,0.4829720398271143,0.6693761378511878,1566.435644264457,25.99676493177709,29.738229361612348,17.779728960609567,1258.9678389385545,1508407,3600.0
Abel Figueiredo,2021,0.7228737467539564,0.8669493433562473,0.5233271280386403,0.7024470445900515,1952.4809446353452,25.78021029461362,29.695891770217926,18.44722758632843,1614.964701801049,1500131,3000.0
Agua Azul Do Norte,2021,0.7045395020447993,0.8653156109294149,0.5026606424183742,0.690047215622332,1627.439171047468,24.986267707122288,28.913704592370426,18.138629149191427,1322.2157464833688,1500347,3375.0
Altamira,2021,0.6904878473300052,0.903568771222715,0.4636609167151048,0.6881879787955734,1894.8849218279995,24.95189540682868,29.230175791772698,16.962314210515114,2672.836322671677,1500602,3600.0
Belterra,2021,0.4586066352808517,0.7134897742929786,0.3237517582709993,0.5592555607706999,1703.0267222714529,26.05939829748406,28.73427285850515,16.1056574059319,1246.572441395624,1501451,3200.0
Brejo Grande Do Araguaia,2021,0.6753766356278618,0.8413837783380286,0.4773701780553316,0.6504052685149032,1664.4585958776522,26.05782877516828,29.81816408391255,18.57861410331198,1481.226222860796,1501758,3180.0
Conceicao Do Araguaia,2021,0.6992693007641562,0.8248285561597591,0.45430614127062474,0.610388131167444,1336.1338193736713,26.343813126166957,30.448804021659488,18.8098807463977,1410.4998774049016,1502707,2408.0
Cumaru Do Norte,2021,0.7454289591508322,0.8873809903389277,0.5137505111813137,0.6996253907754658,1633.0614783750148,24.763532265883825,29.093377618292504,18.29804107138449,2209.246312657325,1502764,2100.0
Dom Eliseu,2021,0.6355289846619966,0.8845272817036011,0.46387106139857576,0.7345071939627842,2027.8199398402542,25.541329303931,29.924095504990955,17.81302493764863,2714.223183795167,1502939,3180.0
Floresta Do Araguaia,2021,0.6777536702632232,0.8128452960662219,0.4558869755703652,0.6088721469655988,1319.4174820944968,26.164557039838726,30.117851521550474,18.625944284091613,1362.9660073992618,1503044,1892.0
Ipixuna Do Para,2021,0.6775443904203062,0.8917040079387515,0.46534014798836576,0.6895264133711287,2193.33203114303,25.957114011144224,30.471429524521852,17.574365745071823,2791.9168439167133,1503457,3180.0
Maraba,2021,0.6525279979253971,0.8694080226982657,0.47160231874330405,0.6916213962276139,1745.4424158527795,25.297146129036665,29.24575583156396,17.366331914744126,1711.4577610052595,1504208,3101.0
Novo Progresso,2021,0.7217193319265955,0.8887396495366989,0.47350515332659415,0.6595377720356274,1847.6464799348998,24.56404962513988,28.935597467903552,17.137422721396725,2580.642994477265,1505031,3300.0
Paragominas,2021,0.6690897608489005,0.9011934668547941,0.45950997713209774,0.7022152920735021,1916.5721288739885,25.77878761445699,30.24624232762711,17.510875313549157,2863.089738604252,1505502,3180.0
Parauapebas,2021,0.7186145004335319,0.9049077009342397,0.5200144627631497,0.7502822398946868,1649.5806852053556,24.612136868847866,28.546234721715198,17.299545555507,1749.1576422287426,1505536,2700.0
Pau D'arco,2021,0.705012662955551,0.8505510257518287,0.4823627830443323,0.6608405277399559,1455.1823896829442,25.761956591733835,29.73239472712835,18.473145786494957,1313.7438317360434,1505551,1893.0
Placas,2021,0.614245674499977,0.8946453266850508,0.4199199104506846,0.6644522084408786,1829.0486012098686,25.049972105326955,29.131081514491697,16.210883255920066,2212.656714768373,1505650,2700.0
Redencao,2021,0.702141285919827,0.8504523180976553,0.4835170025205011,0.6612434346099249,1483.7080952406634,25.761222364688532,29.84845744821906,18.55294411534222,1427.0853132773668,1506138,1892.0
Rio Maria,2021,0.6975612416765121,0.8450758106130695,0.4933028271607596,0.6620201133788942,1480.1021698910195,25.727965674682498,29.617175535396722,18.46649572212796,1295.4913423035239,1506161,3334.0
Rondon Do Para,2021,0.6787427603592048,0.8787851962642066,0.48877694048537323,0.7089887912391418,2116.0836006552,25.520960606029327,29.775734883350577,17.786375547615712,2264.659238053625,1506187,3120.0
Ruropolis,2021,0.6408348969786712,0.8922084529912776,0.4408939321483173,0.6784845559274096,1845.1996411220207,24.986109437677158,29.091371011229025,16.19762107535001,2065.4439886965793,1506195,3300.0
Santa Maria Das Barreiras,2021,0.7127702073744908,0.8419677505244497,0.48126217233812607,0.6464586073187218,1573.4044896526932,25.7597272307621,30.00567210595656,18.596729426407563,1937.2031345126243,1506583,2957.0
Santana Do Araguaia,2021,0.7221588914249386,0.8492209339899401,0.5003753350152659,0.677878984321509,1515.2614993339992,25.783718642838544,30.192871660386896,18.79361719383394,2363.549276875896,1506708,2256.0
Santarem,2021,0.5479214148866701,0.8093525137761548,0.3723328575840382,0.608696686755683,1778.7658018919199,25.934582256310783,29.06115064674931,16.140638670920886,1816.8301320114556,1506807,3200.0
Sao Felix Do Xingu,2021,0.7248532638907794,0.8966876895631064,0.5002089605690975,0.7074397330497779,1862.4202371486329,25.005390035729654,29.17512433207854,17.691437222479884,2287.196788801843,1507300,3900.0
Sao Joao Do Araguaia,2021,0.6401774464469252,0.7960946820955924,0.4466751290115487,0.6145427090128873,1854.3671187241844,26.27598232357864,29.94913340740479,18.53903292154768,1387.629331746863,1507508,2801.0
Tailandia,2021,0.6966910994948186,0.8933131651976554,0.4867900867127956,0.7052795818536571,2319.1552131692292,26.020648087316616,30.568134419772473,17.597039626352082,3094.353729217019,1507953,2054.0
Trairao,2021,0.6618321185398389,0.8954980566220658,0.4410525901960532,0.6659809428922063,1855.3877041911219,25.23131014149822,29.485879942560423,16.3938203800609,2432.392005947975,1508050,3000.0
Tucuma,2021,0.6946646267875773,0.842339973809881,0.4864753298230099,0.6461802586694222,1805.752759166222,25.19196140910811,29.261862777770048,17.859601961339955,1456.006596789075,1508084,3600.0
Ulianopolis,2021,0.6591397343401908,0.8830694746556806,0.4703181025966049,0.7012726276597935,1992.233112822459,25.714535746186336,30.008508768231998,17.71293386565528,2246.9128819504067,1508126,3180.0
Uruara,2021,0.6019303319985692,0.9012696841303599,0.41931632043030065,0.6787392242660443,1855.743750129917,25.050591544620943,29.074308785684558,15.774736626164895,2516.9596794175923,1508159,3000.0
Xinguara,2021,0.6944157096470421,0.842474343944692,0.5025527854006873,0.6684901989952828,1504.9008580508541,25.677622641929208,29.501578215616792,18.360392159380915,1277.7469944275908,1508407,3600.0
Abel Figueiredo,2022,0.6737063630332154,0.8746801598709301,0.4997239587967664,0.715604139799842,1969.2176290371253,25.601493415076014,29.490659946299655,17.729609854430603,1517.7772842695658,1500131,3100.0
Agua Azul Do Norte,2022,0.7004012010034293,0.8794779037582778,0.4838645011813137,0.6776768191804168,1502.9459828868994,24.86676066122909,28.785771654074217,17.533695461693842,1272.8324633123862,1500347,3375.0
Altamira,2022,0.6510586963011528,0.89773228234578,0.44871784352146005,0.7089024230231596,1948.8790730103476,24.861963182192426,29.063174397249895,16.475553508212112,2572.7861000949047,1500602,3400.0
Belterra,2022,0.44786771230422895,0.7159583675351552,0.318455335135127,0.5744359378456474,2251.9854314063923,25.86194297733012,28.499499718633956,15.453673201427083,1171.4649098911434,1501451,3500.0
Brejo Grande Do Araguaia,2022,0.6064395126337639,0.8406908654208624,0.43538474432942753,0.6475331854405673,1569.1987631080842,25.895178771706046,29.603235296892265,17.787969686664702,1403.5648984369466,1501758,3180.0
Conceicao Do Araguaia,2022,0.683033087932973,0.8410273701580965,0.44879942628677044,0.6221423501176013,1512.1296776750125,26.10105477413886,30.155208950119047,18.185961025050574,1339.7455356610485,1502707,2100.0
Cumaru Do Norte,2022,0.7191682158561382,0.887555334435283,0.48997560759821557,0.6821058462902939,1618.427789824299,24.52917525156007,28.78963820417962,17.444879272753507,2062.4025392247895,1502764,2556.0
Dom Eliseu,2022,0.6385923077149281,0.8998829198877567,0.46380949209151445,0.7277472677258126,1960.3238165313212,25.38568196804238,29.690078299724288,17.21105281856897,2489.2426243681616,1502939,3142.0
Floresta Do Araguaia,2022,0.6612601269469522,0.8357710337820757,0.43734901676066174,0.6122004531658995,1531.0039420908088,25.939727455396806,29.892651161689383,18.04984139709166,1299.3192391645152,1503044,2100.0
Ipixuna Do Para,2022,0.6636960409099542,0.8939572965025796,0.4572430794277442,0.6867823224496805,2238.822373419301,25.778761377872137,30.17303440062771,16.188813302244267,2566.1793421430907,1503457,3160.0
Maraba,2022,0.596844822375524,0.8701010278724228,0.42668596710861256,0.6770583554583868,1583.271560978863,25.156764812476755,29.001341027837874,16.75534745169297,1619.1870089099493,1504208,3101.0
Novo Progresso,2022,0.6960511597722483,0.8849927982455165,0.47323484873796223,0.6893394520418198,1859.5294216856485,24.432774958713004,28.699402152908146,16.49782290726294,2501.3653069536995,1505031,3300.0
Paragominas,2022,0.6503453391141697,0.9017101233364299,0.45450280998448134,0.7111459875065843,1934.325778533442,25.67017092257519,30.049530492852327,16.472017085656084,2696.277296903948,1505502,3120.0
Pau D'arco,2022,0.716158740478054,0.8675098932972138,0.4728148038849809,0.6417293707391463,1557.6375677904907,25.47960137617447,29.399862399129233,17.625965132175015,1232.2769825911835,1505551,1893.0
Placas,2022,0.6055053678493846,0.9034203834673636,0.4188876443785148,0.709594184616773,1969.5200646795404,24.896039422593315,28.9218288936121,15.731099310736562,2041.6094294910947,1505650,2700.0
Redencao,2022,0.7035062486421259,0.8574757448191801,0.4873249617603249,0.6580134781348801,1580.1752387005145,25.485507218486177,29.521316973575146,17.689197453328003,1332.204809284672,1506138,2100.0
Rio Maria,2022,0.6968715070064758,0.8654352901838959,0.4767195135651863,0.6531303691164477,1505.305240395346,25.519534408878776,29.39111313811156,17.81367209534919,1235.53830804687,1506161,3334.0
Rondon Do Para,2022,0.6569023063537304,0.8843746238788066,0.4747039720716268,0.7036558319098354,2217.1884382456487,25.31582392000789,29.502646188202178,17.166091228644213,2067.697228340262,1506187,3150.0
Ruropolis,2022,0.6446536950599905,0.9013454066464411,0.44119115576589213,0.708312559372307,1888.7015374571417,24.872489365762526,28.940196367808134,15.718056654328498,1932.4172384795534,1506195,3200.0
Santa Maria Das Barreiras,2022,0.6933450217528093,0.8493544048246394,0.46770866517211884,0.6464059479441198,1554.281950287801,25.486621717557476,29.639805942620256,17.87206130098181,1802.1416137468116,1506583,2400.0
Santana Do Araguaia,2022,0.7085692044363998,0.8617840367346078,0.4716787416160646,0.6633344183863586,1616.4483433458945,25.423935150553085,29.66448488928845,17.894284112075894,2116.049903762473,1506708,3000.0
Santarem,2022,0.533352472959009,0.8013752625760528,0.36584776281031595,0.623690731962487,2195.2038597265137,25.73685607084181,28.799136400573985,15.433762713576895,1655.6882165074696,1506807,3500.0
Sao Felix Do Xingu,2022,0.6888790968608958,0.8981701081670092,0.4731836317091159,0.6998911893589757,1737.2617481574116,24.864301623362195,28.972487491763186,17.061755933154902,2183.313198267208,1507300,3900.0
Sao Joao Do Araguaia,2022,0.574589446367648,0.8000388797580082,0.40668707193889075,0.6095262902019104,1754.4385192315194,26.092159828568956,29.67784610692449,17.76471991832962,1310.8546060380816,1507508,2801.0
Tailandia,2022,0.6251378894276094,0.899684320385321,0.435307401081002,0.6852548905970224,2527.7227557298606,25.73776027119913,30.14272030210772,16.232493968212278,2706.0532790432962,1507953,2700.0
Trairao,2022,0.6572254390954281,0.894812906857498,0.44341633941551795,0.6920129058098009,2045.1527278913136,25.12132460504394,29.339351099606283,15.98671582653679,2302.5205278221783,1508050,3000.0
Tucuma,2022,0.6431957125782544,0.8551640658607952,0.4473143162744911,0.6425341446774835,1644.7579757232088,25.081351609677043,29.100692470138775,17.37560166684912,1410.6841378640183,1508084,3600.0
Ulianopolis,2022,0.6440574779251357,0.8925576187247798,0.4659863990745184,0.7190684980024273,1787.3814806552116,25.698522844497738,29.938954040455975,17.041941510340077,2190.983716061459,1508126,3145.0
Uruara,2022,0.5726094695916708,0.9005171739697513,0.4081336624988071,0.7109303919346893,2245.4787891619803,24.860808453254545,28.847343646289975,15.255112518988346,2276.7869665848402,1508159,3000.0
Xinguara,2022,0.6846759488239198,0.8661802209316359,0.48244643853287533,0.6671315557262086,1503.9801588171392,25.50570091310755,29.296406982743385,17.861797266275833,1226.9036547382543,1508407,3600.0
Abel Figueiredo,2023,0.6710319368411054,0.8720972061264637,0.4969706546969689,0.7197775178645129,1699.3098981245714,25.507967768344983,29.410573466947344,17.869632629863744,1528.6398055661066,1500131,3067.0
Agua Azul Do Norte,2023,0.7470534833379666,0.8804457769605412,0.5170413501277602,0.7048491425304548,1630.2009706775525,24.734913324098688,28.558678308849753,17.73208113512719,1262.0269614422148,1500347,3333.0
Altamira,2023,0.6835323664053007,0.8996532300316639,0.4679768701109063,0.7163520008303166,1843.5204622126416,24.8782589093517,29.163483127720557,16.976642537793484,2678.0869062222273,1500602,3533.0
Belterra,2023,0.4669324355595294,0.7100690488324413,0.3334319346756701,0.5725362350687295,1671.4589970343914,26.064615440024827,28.826632125566828,16.586056181404935,1324.0986345757578,1501451,3500.0
Brejo Grande Do Araguaia,2023,0.671477350802904,0.8684098769680184,0.46457308038462425,0.6686817834087555,1687.149788941393,25.809101566497972,29.485969417542698,18.080331125292442,1420.8158641190935,1501758,3180.0
Breu Branco,2023,0.593254407921859,0.8273658193395597,0.4262003203650326,0.6542556458594379,2070.1262770568997,26.143271854325214,29.87162790051915,16.893903234692225,1344.5104559256679,1501782,3300.0
Conceicao Do Araguaia,2023,0.7148402935443019,0.8350596734538217,0.4694338735648191,0.6295439285641877,1677.184836988766,26.080937277222603,30.08660866057613,18.511024858207414,1342.2356900630834,1502707,2355.0
Cumaru Do Norte,2023,0.764852909250091,0.8871255704237633,0.5338107311878022,0.7147283160134643,1488.0172337713084,24.4274119518418,28.704547505814926,17.753085082741087,1995.684324273701,1502764,3200.0
Dom Eliseu,2023,0.6292649039644909,0.8952056859516692,0.45412304151184196,0.7307529842225219,1767.0284506637697,25.326886939276108,29.62913577155117,17.317080953197177,2544.597187717422,1502939,3100.0
Floresta Do Araguaia,2023,0.695087376506072,0.8276897364990166,0.46120929818147327,0.6177435693578212,1667.1967455402432,25.857164278405744,29.748271959462517,18.288794580398594,1293.5375706089699,1503044,3200.0
Ipixuna Do Para,2023,0.6670989448624804,0.884798774936028,0.47114878572141733,0.6969779724804499,2147.2786067157786,25.874188313386593,30.296605427119637,17.123051557542112,2803.31792604368,1503457,3100.0
Maraba,2023,0.6830117801582549,0.880895064167154,0.47745274241983204,0.6959308951866234,1544.5633132801102,25.087220333100863,28.980451189010108,17.00379467006864,1643.132007201672,1504208,3101.0
Novo Progresso,2023,0.7458002882154082,0.8881208414279256,0.49677871269013096,0.6929834136904884,1923.0592632500486,24.49731239985073,28.91646687085357,17.172726891851635,2599.449537108764,1505031,3200.0
Paragominas,2023,0.658179441896269,0.8945525213366072,0.46979902117871725,0.7222313521407387,1963.7711789848627,25.68128559600654,30.06179900413775,17.20141045787742,2830.3869181507903,1505502,3115.0
Pau D'arco,2023,0.7464393754099375,0.861510513436269,0.4858778960715616,0.6349141665795348,1598.496272656976,25.39778481621451,29.263503501202198,17.92763967151812,1227.013706097039,1505551,3200.0
Placas,2023,0.6170078856241784,0.8988064918738784,0.427435431471091,0.6907081571745287,1604.7937645043905,25.06987594647602,29.282695587053,16.66835982713882,2338.819855714987,1505650,2700.0
Redencao,2023,0.7345869561169605,0.8521656107509304,0.498994779108858,0.6602520947062891,1609.3266213274703,25.44651156635109,29.46541955012407,17.996836765884762,1329.0555773115043,1506138,3200.0
Rio Maria,2023,0.736389188387184,0.8523262362651856,0.5095699148748861,0.6761061300115074,1606.600360745094,25.425720097564703,29.233483194298376,18.050300986092253,1225.8567503713493,1506161,3356.0
Rondon Do Para,2023,0.6539245963975446,0.8907587247620685,0.4664266932098671,0.7190859763805981,1826.0092482878242,25.247501232878662,29.45652540820224,17.259911689424786,2107.471682487367,1506187,3360.0
Ruropolis,2023,0.6733204131876057,0.911648221332469,0.4506087866306401,0.6888179706266024,1726.980669416154,25.07827424062567,29.279701260781952,16.68715780513999,2273.533220954646,1506195,3200.0
Santa Maria Das Barreiras,2023,0.7217873305242655,0.8534440798947897,0.48944932686460196,0.6596839195499389,1536.3438940799585,25.431411668270474,29.613824585780502,18.19042968771832,1770.5907260680322,1506583,3000.0
Santana Do Araguaia,2023,0.7387485216510634,0.8684960158054797,0.5026951099525062,0.6957276877898256,1451.4444493742967,25.36701216172917,29.631081096927637,18.239927691660398,2076.5046387977077,1506708,2777.0
Santarem,2023,0.5683179129064783,0.807309651876033,0.3911377151721492,0.6305681242794465,1680.7682017573914,25.939407117685416,29.151016261328646,16.65267594002002,1930.9272435785147,1506807,3500.0
Sao Felix Do Xingu,2023,0.7334921719495042,0.898548957444797,0.5116685381402787,0.7259682685138402,1741.4780887510103,24.803994925505155,28.898130824655567,17.345939844750916,2186.3269891000646,1507300,3875.0
Sao Joao Do Araguaia,2023,0.6285965306969367,0.8115588462769617,0.43173173204750614,0.6258276152440557,1642.1877487811457,26.027949896087378,29.620059600102042,18.002591145700947,1330.8918854538013,1507508,2801.0
Tailandia,2023,0.6700647316366148,0.9002621381322597,0.47469824047980463,0.7172188512762918,2327.6399879341875,25.88628416609755,30.364396965085835,17.231908832135062,2992.599570268916,1507953,3000.0
Trairao,2023,0.6646807067806796,0.9052504933012117,0.4424677685162921,0.6959152498106738,1892.5959381112618,25.37833729700198,29.64948510627156,16.879517221225925,2660.258592272959,1508050,3000.0
Tucuma,2023,0.7150091929664971,0.8513966497179426,0.5002149885146867,0.6673113431346829,1755.756655795711,24.986392154064106,28.966799685183467,17.430067581070794,1398.0069339609445,1508084,3600.0
Ulianopolis,2023,0.6252372640800989,0.878729066578108,0.4590098877162585,0.7228409939547529,1789.3210993945988,25.597264248103244,29.79890753232898,17.32931852632776,2195.095206081555,1508126,3100.0
Uruara,2023,0.5870837178462027,0.88692763435828,0.42404281911316893,0.7099385642601665,1884.6983419042404,24.949334099796104,29.11446596195095,16.10612826083679,2554.647985876518,1508159,3000.0
Xinguara,2023,0.7207806898321847,0.8574124449105087,0.5070746948155462,0.6879822009143785,1642.5939706053493,25.397582807357935,29.113181146850405,17.976045110407032,1217.0087073017185,1508407,3600.0
